mode,step,c1_estimate,c2_estimate,contrast_estimate,contrast_standard_error
none,0,0.0,0.0,0.0,44.7213626686565
none,1,1.270092727421371,0.0,1.270092727421371,36.8337929763614
none,2,1.4878360693322872,0.029901333276471546,1.4579347360558157,31.80921022835556
none,3,1.4924020470953296,-0.25118458787609016,1.7435866349714197,26.43341721323681
none,4,1.586812266811518,-0.49719711023931656,2.0840093770508346,21.44089124387766
none,5,1.6388801375570334,-0.5770401172053958,2.2159202547624295,18.198198104936143
none,6,1.664253478710112,-0.6358104173562797,2.3000638960663915,15.998767465639755
none,7,1.6821038823775127,-0.6705237594699042,2.352627641847417,14.249483539618973
none,8,1.7107572733090073,-0.706135950672444,2.416893223981451,12.791105689796712
none,9,1.7244046984852799,-0.7221912217115154,2.4465959201967955,11.625060816456108
none,10,1.7504671633094422,-0.7533598323001114,2.5038269956095536,10.716814903398618
none,11,1.7639068835547738,-0.7692890013477298,2.5331958849025034,9.884789715907903
none,12,1.7837645294813114,-0.7904212762865483,2.5741858057678595,9.220810058230327
none,13,1.7869524237197765,-0.7950146496474685,2.581967073367245,8.605651194293376
none,14,1.7862690958478207,-0.7942439712541014,2.580513067101922,8.083676846257505
none,15,1.786649952132331,-0.79471076325333,2.581360715385661,7.664201150095251
none,16,1.7862448060446285,-0.7943196140194599,2.5805644200640883,7.297588368255952
none,17,1.7888688635952352,-0.7979908243546239,2.5868596879498593,6.99248725665837
none,18,1.7905843690457621,-0.7999471073193771,2.5905314763651393,6.671630090340964
none,19,1.791851428659736,-0.8014119076294861,2.593263336289222,6.39969828718026
none,20,1.7908268357516202,-0.7994487439747102,2.59027557972633,6.163271257996868
none,21,1.7904623187495012,-0.798944741029219,2.58940705977872,5.949392627864572
none,22,1.7863702119156202,-0.7942850146788492,2.5806552265944696,5.772065177179994
none,23,1.791157954772876,-0.7993796424590001,2.590537597231876,5.6223050094184535
none,24,1.7868413324441437,-0.7949340773086453,2.581775409752789,5.452546851777285
none,25,1.7870821972912012,-0.7959069402669351,2.5829891375581364,5.319064239389555
none,26,1.7848535717152905,-0.7941321071007756,2.578985678816066,5.188187414255445
none,27,1.7817848278178015,-0.7906393428227017,2.5724241706405033,5.0562336518338205
none,28,1.7847419900283181,-0.7936347378900567,2.578376727918375,4.945813392926929
none,29,1.7845749261815278,-0.7935485131874483,2.578123439368976,4.8229662062528345
none,30,1.7868455513299148,-0.795741274271393,2.582586825601308,4.706418074551362
none,31,1.7909798637011798,-0.7994845129840589,2.5904643766852384,4.5945439742695084
none,32,1.7902474535806066,-0.7988793553589315,2.589126808939538,4.476399452827987
none,33,1.7927959159711475,-0.801518165784061,2.5943140817552086,4.3767550260659345
none,34,1.795233793708778,-0.8039354140277744,2.5991692077365522,4.282888232752781
none,35,1.7952645770449291,-0.804247703199098,2.599512280244027,4.189331647003964
none,36,1.7958315680077808,-0.8043675177127041,2.600199085720485,4.103971408455499
none,37,1.7969963804234317,-0.8054988967490997,2.6024952771725314,4.023129217710331
none,38,1.7978536416049844,-0.8067353567219842,2.6045889983269683,3.944152234270553
none,39,1.8000440543647136,-0.8086985156071693,2.608742569971883,3.8705216910246993
none,40,1.7994133063708224,-0.807609526880652,2.6070228332514747,3.7979708956593954
none,41,1.7980486835276166,-0.805958524315174,2.6040072078427907,3.738948403756669
none,42,1.7959595762792038,-0.8039611948605274,2.599920771139731,3.687476995635834
none,43,1.7937369425667369,-0.801707772765385,2.595444715332122,3.642320918156106
none,44,1.7924384926859134,-0.8003557787759212,2.592794271461835,3.601310812728299
none,45,1.7919695804502496,-0.7999412167546738,2.5919107972049233,3.5640143407117213
none,46,1.7920821194027206,-0.8001359252532941,2.592218044656015,3.524589085519379
none,47,1.7931630084024825,-0.8013222783131503,2.5944852867156327,3.4848293635881817
none,48,1.7939603884403854,-0.802105201208829,2.596065589649214,3.4393625968743975
none,49,1.7910436400040346,-0.7990304252876359,2.5900740652916703,3.3901116219853447
none,50,1.789729599007412,-0.7978562971223304,2.5875858961297427,3.3503568638353776
none,51,1.7883853437201414,-0.7965549361302967,2.584940279850438,3.309247703814588
none,52,1.7892090980596551,-0.7974445718390815,2.5866536698987366,3.2696868940661994
none,53,1.790035132419909,-0.7983795784505135,2.5884147108704227,3.2244748895293496
none,54,1.7883183383858712,-0.7966482371705033,2.5849665755563747,3.1750432678945706
none,55,1.7909544504469443,-0.799336671494663,2.5902911219416076,3.1337271947104544
none,56,1.7910462620780356,-0.7995529173656762,2.590599179443712,3.085907019071774
none,57,1.79027779850168,-0.7989066027456142,2.5891844012472944,3.0424592071007317
none,58,1.7898723170891824,-0.7983329955835629,2.5882053126727453,3.0041942503132066
none,59,1.7899183850508291,-0.7984942770204465,2.5884126620712755,2.964328838177353
none,60,1.7889398800348943,-0.797364188017411,2.5863040680523053,2.9265710665095135
none,61,1.791413967720504,-0.8000002196619816,2.591414187382486,2.8937215165933514
none,62,1.790886473997045,-0.7992427827391222,2.590129256736167,2.855512679707592
none,63,1.7906800604553599,-0.7990418645775059,2.589721925032866,2.8239233649709115
none,64,1.790852137520472,-0.7993010586176161,2.590153196138088,2.7953829887042505
none,65,1.792403817219776,-0.8010022575318562,2.5934060747516323,2.765709409597583
none,66,1.7925905417774477,-0.8013213891287485,2.593911930906196,2.733833537660926
none,67,1.7905753178444481,-0.7995577699623956,2.590133087806844,2.704008058427666
none,68,1.7903497497453045,-0.7993352617697221,2.5896850115150265,2.6783776348344057
none,69,1.7910948832047981,-0.7998368608353744,2.5909317440401725,2.6513239185695103
none,70,1.792748871451717,-0.8016614043364239,2.5944102757881407,2.623857044525809
none,71,1.7927496533806038,-0.8016366983846955,2.594386351765299,2.594217933827422
none,72,1.791243917847811,-0.8001177449608299,2.591361662808641,2.5668289906503188
none,73,1.7903618734835358,-0.7991567039561412,2.589518577439677,2.544087159760772
none,74,1.792447401848758,-0.8013132348672882,2.593760636716046,2.522395109500918
none,75,1.791996912546075,-0.8011208042521559,2.593117716798231,2.495942358978196
none,76,1.7925596325115176,-0.8017312611635029,2.5942908936750206,2.470256654749034
none,77,1.7911269216370302,-0.8004431279953897,2.59157004963242,2.44424896766165
none,78,1.7908382349283785,-0.8002547443052779,2.5910929792336566,2.4196035363347104
none,79,1.7925190536820086,-0.8019866933335381,2.5945057470155466,2.394873152433012
none,80,1.7915816165724514,-0.8009056052008164,2.592487221773268,2.3687326214932467
none,81,1.7930604443762697,-0.802466610940163,2.595527055316433,2.346644524023455
none,82,1.7913368876699107,-0.8007950647570404,2.5921319524269513,2.319692760306978
none,83,1.791187224587614,-0.8008447332624115,2.5920319578500255,2.299785462538027
none,84,1.7908710242396584,-0.8006039970205286,2.591475021260187,2.2787948942547187
none,85,1.7916738949138324,-0.8013989282569175,2.59307282317075,2.259214713549583
none,86,1.7931585527177933,-0.8028394159499218,2.595997968667715,2.2394950306117525
none,87,1.793018230864797,-0.8027425799409833,2.59576081080578,2.2178265861025306
none,88,1.7918469389683802,-0.8015709179827276,2.593417856951108,2.197202252653044
none,89,1.7927547291102315,-0.8024121111664326,2.595166840276664,2.1787957522375896
none,90,1.7933029671662462,-0.8028869907031227,2.596189957869369,2.15983018803255
none,91,1.7926813527057672,-0.8022821717989278,2.594963524504695,2.1425094900731283
none,92,1.7923935161045708,-0.8019865326890654,2.594380048793636,2.1278526710312105
none,93,1.7931027185943145,-0.8026724658943848,2.595775184488699,2.113671082317709
none,94,1.7946876060812922,-0.8042443826254189,2.598931988706711,2.09797244067273
none,95,1.7946113269816442,-0.8040718171514539,2.598683144133098,2.0779992727769057
none,96,1.7945748571855225,-0.8040982805364341,2.5986731377219563,2.060538379155532
none,97,1.794570555272357,-0.8041032975830169,2.5986738528553737,2.042953404685254
none,98,1.7947018808198134,-0.8042664982070096,2.598968379026823,2.026082470462708
none,99,1.7961561306531684,-0.805719996029538,2.6018761266827064,2.008114218031965
none,100,1.7962343578791906,-0.8058499171888066,2.6020842750679973,1.9900126179370905
none,101,1.7971451648372818,-0.8066881573649765,2.6038333222022585,1.972868986542265
none,102,1.797100799265031,-0.8065794234222775,2.6036802226873084,1.955269058622441
none,103,1.7969912885196897,-0.8065350378600065,2.603526326379696,1.9392396857849434
none,104,1.7968038381774993,-0.8063444141677069,2.603148252345206,1.9220957725821703
none,105,1.797960203066192,-0.807410874897235,2.605371077963427,1.9063634809229795
none,106,1.7972549439511263,-0.8067529426330337,2.60400788658416,1.8899917628217915
none,107,1.7966626675223187,-0.8061729930703312,2.6028356605926497,1.8763120717202626
none,108,1.7969800197988808,-0.8063838869772039,2.6033639067760848,1.863249328175224
none,109,1.7958927396382396,-0.8052545539939907,2.60114729363223,1.8490615809831028
none,110,1.7965139435813968,-0.8059188124391751,2.602432756020572,1.8369361786588856
none,111,1.7957766575379233,-0.8052494324061514,2.6010260899440745,1.8242722512377947
none,112,1.7958987242164954,-0.8053486515997884,2.6012473758162837,1.8124589909387652
none,113,1.7961465101474634,-0.8055246105030845,2.601671120650548,1.8011006713762994
none,114,1.7959667146698715,-0.8053917831149491,2.6013584977848208,1.788422300943954
none,115,1.7951803683664989,-0.8045236360603666,2.5997040044268656,1.7751568713376775
none,116,1.7938295025167985,-0.8031849918067105,2.597014494323509,1.762759950210142
none,117,1.7931247925175509,-0.8024753499166069,2.595600142434158,1.7515286355226827
none,118,1.7930204501036755,-0.8025239040518158,2.5955443541554915,1.7407821205126368
none,119,1.792263971581611,-0.801665511444614,2.593929483026225,1.7289042448493765
none,120,1.7915200254991714,-0.8009065477519781,2.5924265732511493,1.7179147286997167
none,121,1.7921700832327605,-0.8015323676232577,2.5937024508560182,1.7073156183995821
none,122,1.7923232809702925,-0.8017071678054224,2.594030448775715,1.6952076127133051
none,123,1.7921194477959481,-0.801522817288802,2.59364226508475,1.6830575776119965
none,124,1.7923872925465039,-0.8017566843560929,2.594143976902597,1.6710071897814494
none,125,1.7922005968317853,-0.8014644840590854,2.5936650808908706,1.6582926477011184
none,126,1.7921596671732367,-0.8015589691278528,2.5937186363010896,1.6466188247471625
none,127,1.7916919720582165,-0.8010919897912612,2.5927839618494777,1.6357639861343922
none,128,1.7917431245574564,-0.8012519638329537,2.5929950883904103,1.6253585894938158
none,129,1.7903263620927856,-0.7997307914921523,2.590057153584938,1.6143154174757304
none,130,1.790027247949621,-0.799278943542779,2.5893061914924003,1.604631624001729
none,131,1.7905451682624072,-0.7997445268652925,2.5902896951276997,1.5958461631256673
none,132,1.7905559471970007,-0.7996434541804982,2.590199401377499,1.586190635897485
none,133,1.7901494432721778,-0.7993047877080162,2.589454230980194,1.576488292431513
none,134,1.7908643305619911,-0.8000171669592159,2.590881497521207,1.5671687716539022
none,135,1.7909775566743171,-0.8000959082276512,2.591073464901968,1.5568283820298037
none,136,1.7905401853712724,-0.7996778275598543,2.5902180129311265,1.5467722970416788
none,137,1.7909408962234923,-0.800081589853744,2.5910224860772364,1.5374447752899367
none,138,1.7897619888253355,-0.7988981346624331,2.5886601234877684,1.5275194376846692
none,139,1.7900765957707432,-0.7992073779261829,2.589283973696926,1.51953115112488
none,140,1.7902588490799272,-0.7993764143293313,2.5896352634092583,1.5110479697381571
none,141,1.78963026281984,-0.7988690940360772,2.588499356855917,1.5021289453742894
none,142,1.7905017506001553,-0.7998792756628449,2.590381026263,1.493384362865968
none,143,1.7903190743145265,-0.7997301112877937,2.5900491856023202,1.4829234197657333
none,144,1.7898625412077824,-0.7992229707429708,2.589085511950753,1.4730012594141333
none,145,1.7912762751604032,-0.8007635963701762,2.5920398715305795,1.4631385021090397
none,146,1.791342874216136,-0.8007166767761766,2.5920595509923126,1.4504843004374994
none,147,1.7915401602323056,-0.8008361062356607,2.592376266467966,1.4397833650184764
none,148,1.7927351561529454,-0.8019771567667816,2.594712312919727,1.4302198735494744
none,149,1.7944780786696546,-0.8037638152715227,2.5982418939411773,1.4192893814890941
none,150,1.795130363933245,-0.8044364164650022,2.599566780398247,1.4075354885349907
none,151,1.7945033133413713,-0.8037395136770894,2.5982428270184608,1.3963751429692504
none,152,1.7933586178981828,-0.802554635507194,2.595913253405377,1.386555400999914
none,153,1.7937932747219771,-0.8028425501707933,2.5966358248927706,1.3787995119340646
none,154,1.7937614281672924,-0.8028099343398917,2.5965713625071842,1.3691575408637509
none,155,1.7941641754146622,-0.803258974496717,2.5974231499113793,1.3608415252656825
none,156,1.7933539292928466,-0.8024197404998389,2.5957736697926856,1.3523413259729218
none,157,1.7945546864479627,-0.8036249039313116,2.5981795903792744,1.3450905556233517
none,158,1.7938812060524394,-0.8029311675423081,2.5968123735947475,1.336168547555886
none,159,1.793018951416742,-0.8021478130668267,2.5951667644835688,1.3281925206084328
none,160,1.7923253311065954,-0.8014728316649037,2.593798162771499,1.3209536295614521
none,161,1.792614571757037,-0.8017772026328891,2.5943917743899263,1.3142972933091837
none,162,1.7925730627630674,-0.8016983063407543,2.5942713691038217,1.3067557344085101
none,163,1.793274563569915,-0.8023532014293682,2.595627764999283,1.298767526740712
none,164,1.7940141643149563,-0.8029520189510619,2.5969661832660185,1.290039079028916
none,165,1.7936520808619811,-0.8026296309214378,2.596281711783419,1.281129999597569
none,166,1.7932791923780265,-0.8022867281802756,2.595565920558302,1.2731345888080976
none,167,1.7927052682690128,-0.8016522489293342,2.594357517198347,1.2654024702012423
none,168,1.7929576677028354,-0.8017265152412534,2.5946841829440888,1.2579465334236892
none,169,1.7937284107551235,-0.8025128608609126,2.596241271616036,1.2503293001217568
none,170,1.7924870430676698,-0.8014125654181254,2.5938996084857955,1.2418535809225026
none,171,1.7921781122630636,-0.8010652595923095,2.593243371855373,1.2348848548333284
none,172,1.7926867865506162,-0.8015378193057806,2.5942246058563967,1.227851024538709
none,173,1.792217295783485,-0.801149714127058,2.5933670099105433,1.2200282929710955
none,174,1.7919626993590632,-0.800944222828006,2.592906922187069,1.2127215449360782
none,175,1.7926339534972393,-0.8015988328905354,2.5942327863877748,1.2055154574867464
none,176,1.7925613708340287,-0.8014510655094481,2.5940124363434767,1.1974847645295104
none,177,1.7914859793822113,-0.8004259581425179,2.5919119375247295,1.1894240349874292
none,178,1.7922947286639785,-0.8013160590650581,2.5936107877290366,1.1828225628591147
none,179,1.7916017931970156,-0.8006365559100113,2.592238349107027,1.1754740302311775
none,180,1.790758482389636,-0.7998427382207594,2.590601220610395,1.1690374725644104
none,181,1.7911233992373738,-0.8002204476205744,2.5913438468579484,1.1631921021937752
none,182,1.7922021439161413,-0.8013470799865858,2.593549223902727,1.1569340776955712
none,183,1.7920553838338982,-0.8012810135491182,2.593336397383016,1.1494279993141756
none,184,1.7920965013034014,-0.8012744268458438,2.593370928149245,1.1420369816056513
none,185,1.7927249415950612,-0.801891096839433,2.594616038434494,1.1349829759057002
none,186,1.7918693533595536,-0.8011464061869372,2.593015759546491,1.1271493827276087
none,187,1.7938488720670482,-0.8031065661218185,2.596955438188867,1.1199268161601175
none,188,1.7940891388729059,-0.8034006376674669,2.597489776540373,1.1109460916113227
none,189,1.7946783732132832,-0.8040103061215355,2.5986886793348187,1.1027521543678656
none,190,1.7952140567331463,-0.8045583348567867,2.599772391589933,1.0946036264213221
none,191,1.794915986587792,-0.8043091983428934,2.5992251849306856,1.0869922640721572
none,192,1.7943993744817237,-0.8037505238303362,2.5981498983120597,1.0805266402940557
none,193,1.7945625367199127,-0.8039502050591683,2.598512741779081,1.074970457993489
none,194,1.7956694356553693,-0.8051656125959762,2.6008350482513456,1.0688305025423397
none,195,1.7954222836508906,-0.8049004458712304,2.600322729522121,1.0618961587553255
none,196,1.7948320908956854,-0.8044374242116434,2.599269515107329,1.0551354199925855
none,197,1.7956704818525584,-0.8053786053127815,2.60104908716534,1.048655644108929
none,198,1.7953228675771187,-0.8049560454711928,2.6002789130483115,1.0420615188241815
none,199,1.7963503940141763,-0.8059596636198206,2.602310057633997,1.0363361682654144
none,200,1.7958034103966265,-0.8054502771191094,2.6012536875157357,1.0296601556356773
none,201,1.7958418593107988,-0.8054665801849765,2.6013084394957753,1.0232967582279895
none,202,1.795364507328222,-0.8049942857036996,2.600358793031922,1.0169154391650845
none,203,1.7944145215748535,-0.8040904588102802,2.5985049803851337,1.0112532794549438
none,204,1.7943488138490893,-0.8041045109840325,2.598453324833122,1.0065045442556686
none,205,1.7950585184140584,-0.804726546670611,2.5997850650846694,1.001222527458016
none,206,1.794409942840284,-0.8041128917183843,2.5985228345586684,0.9949898080216886
none,207,1.7944457284049555,-0.8041115929682797,2.598557321373235,0.9894313355284645
none,208,1.7944399773431765,-0.8040797949828307,2.598519772326007,0.9841819880918912
none,209,1.7935768643526409,-0.8031984385706757,2.5967753029233167,0.9792038840440581
none,210,1.793221357316919,-0.8027745105012254,2.5959958678181443,0.9751525127680364
none,211,1.792968165624317,-0.8025234549534627,2.59549162057778,0.9708454132934583
none,212,1.7929062188827662,-0.8025189306187616,2.5954251495015277,0.9660945038673905
none,213,1.793040463738831,-0.8026602254722714,2.5957006892111023,0.9612991254012047
none,214,1.7927138550465955,-0.8023801268616042,2.5950939819081995,0.9561276240742004
none,215,1.7938842384106446,-0.8035849357373462,2.597469174147991,0.9511701968470874
none,216,1.7940166050340978,-0.8037777695797578,2.5977943746138554,0.9452979808132604
none,217,1.7942967787386734,-0.8040097967954905,2.598306575534164,0.939483545927189
none,218,1.794417699796796,-0.8041566901879841,2.59857438998478,0.9333024902184532
none,219,1.794134314803364,-0.8039483868905031,2.5980827016938672,0.9270077340947716
white,0,0.0,0.0,0.0,44.721363838906775
white,1,1.634251378159813,0.0,1.634251378159813,33.36917706152329
white,2,1.6161148018979148,-0.3358088909612423,1.951923692859157,22.319306708520585
white,3,1.6878689697553058,-0.6270652307498911,2.314934200505197,16.223730166681925
white,4,1.7416405995494744,-0.7162281127288492,2.457868712278324,12.475070727589818
white,5,1.7504114693370818,-0.7486861016428573,2.4990975709799392,10.246840410065525
white,6,1.7688783027477541,-0.7732088593300411,2.542087162077795,8.823475276363828
white,7,1.7729892629224866,-0.7829563606397236,2.5559456235622102,7.7641599610838075
white,8,1.7689704460303624,-0.7791114189215194,2.5480818649518815,6.928806247129826
white,9,1.771617434463911,-0.781302194981113,2.5529196294450243,6.3047536545878655
white,10,1.7771091340760092,-0.7844931125188136,2.561602246594823,5.771180080784197
white,11,1.7801505902017702,-0.7909586901659196,2.57110928036769,5.40641033426107
white,12,1.7807472248559286,-0.7916825085172823,2.5724297333732107,5.07103332609775
white,13,1.7794341228482153,-0.7905051213414417,2.569939244189657,4.753384469691255
white,14,1.7773924244964705,-0.7888883647069366,2.566280789203407,4.525866318364621
white,15,1.7768739835364675,-0.7884265801821407,2.5653005637186084,4.310978039902636
white,16,1.7733666300607418,-0.7837898256256689,2.557156455686411,4.134765497684667
white,17,1.776160185079449,-0.7859436256604769,2.562103810739926,3.976505838469534
white,18,1.778938833904,-0.7878716453018076,2.5668104792058077,3.796488026510537
white,19,1.780138784306472,-0.7894255587623807,2.5695643430688526,3.648456965582517
white,20,1.7837304960815143,-0.7931022125654642,2.5768327086469784,3.518549247199789
white,21,1.7850694636751825,-0.7949577769136674,2.58002724058885,3.398892317589516
white,22,1.7855357825883502,-0.7955606073726478,2.581096389960998,3.2909624818015177
white,23,1.7881232491419319,-0.7983432433704893,2.5864664925124212,3.2038511095959006
white,24,1.7871068375971886,-0.7971771693098556,2.584284006907044,3.1079453098931182
white,25,1.7882359798134022,-0.7983460384751718,2.586582018288574,3.022941585447432
white,26,1.7931317386243641,-0.8031166764774391,2.5962484151018033,2.9477782368466987
white,27,1.7940045227601353,-0.8042555696358643,2.5982600923959995,2.8572885421990155
white,28,1.793632843787741,-0.8033917518684064,2.5970245956561473,2.774701844943002
white,29,1.7935300002203511,-0.8034219668117148,2.5969519670320658,2.7028431473761265
white,30,1.793120122461613,-0.8029969264012773,2.59611704886289,2.636842121185708
white,31,1.794305125058668,-0.8038311629656415,2.5981362880243095,2.580773389036001
white,32,1.795272909579411,-0.8047290309181492,2.6000019404975605,2.524776269217447
white,33,1.7945472098889768,-0.8039990156150316,2.598546225504008,2.4654796444110123
white,34,1.7967405665185268,-0.8065386173671079,2.6032791838856344,2.4140630722383416
white,35,1.7998323945423316,-0.8095505612272179,2.6093829557695494,2.352571093371054
white,36,1.7976933542992592,-0.8075745074499053,2.6052678617491645,2.292539171134274
white,37,1.7968852552171437,-0.8068220065734762,2.60370726179062,2.2442457594103122
white,38,1.7959001056049857,-0.8055481951891277,2.6014483007941136,2.201551802742943
white,39,1.795759077190736,-0.8054882199045316,2.6012472970952674,2.165924251126232
white,40,1.7956236843902238,-0.8054510997717201,2.601074784161944,2.1282153947842413
white,41,1.795701648978753,-0.8054444270024526,2.6011460759812053,2.0928674700917416
white,42,1.796426543930709,-0.8062695674240405,2.6026961113547493,2.0546884847710833
white,43,1.7974687685046973,-0.8071906142251184,2.6046593827298157,2.018498002491591
white,44,1.7975013621479445,-0.807184813707206,2.6046861758551505,1.9850462959979362
white,45,1.7993161055088727,-0.8089982145622122,2.6083143200710848,1.9538135694557894
white,46,1.799377720960789,-0.8091310521690512,2.60850877312984,1.9245867633223235
white,47,1.7994892231247916,-0.8092754925680339,2.6087647156928258,1.8982792298940583
white,48,1.8002799958115536,-0.809952305397534,2.610232301209088,1.8744179323475887
white,49,1.8007148650493396,-0.8104995436260536,2.6112144086753935,1.8483775098425677
white,50,1.8005820363228673,-0.8103440135588358,2.6109260498817033,1.8202417378642854
white,51,1.8014880963648536,-0.8113880760742823,2.612876172439136,1.794571626498133
white,52,1.8009031067008283,-0.8106045764372154,2.6115076831380435,1.765076219053088
white,53,1.7999164237980547,-0.8094821203748808,2.6093985441729357,1.739642625766299
white,54,1.8005281755925742,-0.8101810881760793,2.6107092637686535,1.715535947089274
white,55,1.8008130542672316,-0.8104323972988636,2.611245451566095,1.6918275108303387
white,56,1.8002562597791956,-0.8098892316792756,2.6101454914584714,1.669538412806179
white,57,1.8000551213288503,-0.8098221613836031,2.6098772827124535,1.6466476450697933
white,58,1.7998868616632544,-0.8096689348039559,2.6095557964672103,1.6255903104779028
white,59,1.7998553028720774,-0.8096058542174457,2.609461157089523,1.6044123701360216
white,60,1.8001294544466826,-0.8099672908312486,2.6100967452779313,1.5850531527017084
white,61,1.8014558144172088,-0.8113843473123239,2.6128401617295327,1.5678198746500558
white,62,1.8018005668571229,-0.8117560198777585,2.613556586734881,1.5486395084639601
white,63,1.800203142675333,-0.8101363058048584,2.6103394484801914,1.5292038851597562
white,64,1.80101964587401,-0.810930227168313,2.611949873042323,1.5128841489513047
white,65,1.8005472452749196,-0.810515270059812,2.6110625153347318,1.4955281114102836
white,66,1.801533952524893,-0.8115075099530109,2.613041462477904,1.4778264610001246
white,67,1.8015348825619315,-0.8113123965675907,2.612847279129522,1.4595852411860468
white,68,1.802062534816144,-0.8118707094938552,2.613933244309999,1.442987582026582
white,69,1.8022298368212353,-0.812076210570345,2.6143060473915805,1.4258605054036169
white,70,1.8021100894540858,-0.811946868731328,2.614056958185414,1.4092633610521763
white,71,1.801469670396288,-0.8112973909397075,2.6127670613359957,1.3932558266758894
white,72,1.8007918729626684,-0.8106444670260878,2.611436339988756,1.3798869471082038
white,73,1.8020811064306188,-0.8119080356817717,2.6139891421123904,1.3680155325851244
white,74,1.8010114726799296,-0.8108235478132343,2.6118350204931637,1.353613573384597
white,75,1.801221782506874,-0.81107036443319,2.6122921469400637,1.3424178297990246
white,76,1.8012888170112324,-0.8112116540553668,2.6125004710665993,1.3303540474218345
white,77,1.8002629729633857,-0.8101612271525322,2.6104242001159177,1.3173414872124554
white,78,1.7999908299263054,-0.8098207127973691,2.6098115427236745,1.3041524454121733
white,79,1.7993757014015033,-0.8091342267244891,2.6085099281259922,1.2922088860646934
white,80,1.7993869391085786,-0.8092187041640692,2.608605643272648,1.280023506492686
white,81,1.800198752183719,-0.8100539550780158,2.610252707261735,1.266941995532806
white,82,1.8002041742240271,-0.8100922768917378,2.610296451115765,1.2527667101345812
white,83,1.800152755873868,-0.8100091260930112,2.6101618819668793,1.2400772052853077
white,84,1.7995999283407962,-0.8094694959956383,2.6090694243364343,1.2275912413708208
white,85,1.7998465859660453,-0.8097266934581767,2.609573279424222,1.2158931293547313
white,86,1.7995450139839049,-0.8094337736960282,2.6089787876799333,1.2057013614560308
white,87,1.7993495642280686,-0.8091127188313861,2.608462283059455,1.1960069130673046
white,88,1.7990622158923222,-0.8087504327947019,2.607812648687024,1.186923584794228
white,89,1.7995089359330354,-0.8091807207451583,2.6086896566781936,1.1788707919989185
white,90,1.7998335118349247,-0.8095442055316059,2.6093777173665305,1.169770626829809
white,91,1.799063611494322,-0.8087536547215864,2.6078172662159083,1.1614559775367341
white,92,1.7988351237109814,-0.8084984328831784,2.6073335565941598,1.154760533241118
white,93,1.7990939262349135,-0.8087832585795923,2.6078771848145057,1.14823241439081
white,94,1.7991015904113468,-0.8087682800406281,2.607869870451975,1.1414245575427684
white,95,1.7985350309735781,-0.8082481807299234,2.6067832117035015,1.134011281696373
white,96,1.7987077300999614,-0.8084283856177865,2.607136115717748,1.1262743265287036
white,97,1.7982931685217507,-0.8079965778507604,2.606289746372511,1.1179960273211047
white,98,1.798509988995491,-0.8081617675588106,2.6066717565543014,1.109645444266218
white,99,1.7985497610802252,-0.8082478717862207,2.6067976328664457,1.1006296744732524
white,100,1.798536409104395,-0.8082001024877937,2.6067365115921888,1.091559053253164
white,101,1.798913152908252,-0.8084905215798661,2.6074036744881184,1.0822921163277583
white,102,1.7992344499193174,-0.8088369637212693,2.6080714136405865,1.0736597464551054
white,103,1.7992466216892375,-0.8088943489375362,2.6081409706267737,1.0651209458775894
white,104,1.8000359100059562,-0.8096380043188992,2.6096739143248553,1.0567125168650766
white,105,1.8003305146423287,-0.8099118229589638,2.6102423376012927,1.0479596946130778
white,106,1.8001797679498932,-0.8097591103840095,2.6099388783339026,1.0390820193686519
white,107,1.8003073301681893,-0.8099962945775745,2.6103036247457636,1.0297601680814583
white,108,1.7997100034794604,-0.8094254821231528,2.6091354856026134,1.0210121620327965
white,109,1.7996919106843383,-0.8093830179738679,2.609074928658206,1.0129418280564682
white,110,1.7992673012268277,-0.8089855403732722,2.6082528416001,1.0057027654383617
white,111,1.7983374578838833,-0.8081209441460384,2.6064584020299217,0.9992152153044378
white,112,1.7977804609956196,-0.8075686971997075,2.605349158195327,0.9928494846292483
white,113,1.7977900713942707,-0.8075948434898915,2.605384914884162,0.9864950805114678
white,114,1.7978201131094913,-0.8076407646215416,2.6054608777310326,0.9800380947585022
white,115,1.7980912263510869,-0.8080253794300899,2.606116605781177,0.973305126435458
white,116,1.7984332645611507,-0.8083877468144491,2.6068210113756,0.9663870132427578
white,117,1.7981089070924052,-0.8080679818572015,2.606176888949607,0.9589544035965973
white,118,1.7982234300349211,-0.8081564643842466,2.6063798944191676,0.9506542570048662
white,119,1.797590090785256,-0.8075417462771886,2.6051318370624443,0.9424887355554923
white,120,1.7975315106784693,-0.8074834569261395,2.6050149676046086,0.9358086182996188
white,121,1.7969174747989047,-0.8068000719685426,2.6037175467674474,0.9286633878344605
white,122,1.7968139103144225,-0.8067272871347083,2.6035411974491307,0.9225697054526827
white,123,1.7969428762207684,-0.8068776748194562,2.603820551040225,0.9165228663274465
white,124,1.7957410158584126,-0.805734458848593,2.6014754747070055,0.9105884615978583
white,125,1.7957112627489737,-0.8057353230779201,2.601446585826894,0.9049056021049183
white,126,1.795625494130083,-0.8056946296284934,2.6013201237585766,0.8994480514488363
white,127,1.7958140735184736,-0.8058330542577683,2.601647127776242,0.893660146084012
white,128,1.7955817409038533,-0.8055500496015833,2.6011317905054367,0.8880671399001417
white,129,1.7953310626284509,-0.8052706606144431,2.600601723242894,0.8824721093497752
white,130,1.7952042744848402,-0.805168661495262,2.6003729359801024,0.877151384109546
white,131,1.7949110846443952,-0.8048118172132599,2.599722901857655,0.8713048435134104
white,132,1.7949409471151305,-0.8048937598771282,2.599834706992259,0.866059369883488
white,133,1.794900999329671,-0.804848398166533,2.599749397496204,0.8601252173292835
white,134,1.7957110022047411,-0.8056651414683001,2.601376143673041,0.8542159440745823
white,135,1.7958891171945195,-0.8058372948010946,2.601726411995614,0.8480732773904202
white,136,1.7959841172004056,-0.8058869229341302,2.6018710401345357,0.842087892807349
white,137,1.79611309550746,-0.8059813052716961,2.602094400779156,0.8362828587779896
white,138,1.7967608747063812,-0.806499101138435,2.603259975844816,0.8294613096349333
white,139,1.7971460892787892,-0.8069582916576757,2.604104380936465,0.8221241457543716
white,140,1.7970511371579279,-0.8068859838495649,2.6039371210074926,0.8143621616672494
white,141,1.7972095810617432,-0.8070821408191349,2.604291721880878,0.8072579870410183
white,142,1.7970574063834788,-0.8069700741665428,2.6040274805500214,0.8012581489137373
white,143,1.7972326634042872,-0.8071886758665556,2.604421339270843,0.7956982910681182
white,144,1.797686772877188,-0.807653935581422,2.60534070845861,0.7898784629349503
white,145,1.7979289503816938,-0.8078067888982859,2.6057357392799796,0.7840234919459934
white,146,1.7982694349863264,-0.8081174472092544,2.6063868821955807,0.777325437568522
white,147,1.7977471301269428,-0.8076270458698228,2.6053741759967655,0.7707126319632562
white,148,1.797806880444099,-0.8077252397120771,2.605532120156176,0.7653576410957337
white,149,1.7978759749505349,-0.8077781130500851,2.60565408800062,0.7610010908757093
white,150,1.7973562662949931,-0.8072730912224959,2.604629357517489,0.7565511553768328
white,151,1.7976153280710399,-0.8075196725667175,2.605135000637757,0.7516327398089601
white,152,1.79734430540782,-0.8072398818990683,2.6045841873068882,0.7464556654368545
white,153,1.7971853424423858,-0.8072018142669869,2.6043871567093726,0.7416607953940672
white,154,1.7980010780126296,-0.808097728434302,2.6060988064469317,0.7368017021849756
white,155,1.7979071581901624,-0.8080233654945643,2.6059305236847266,0.731568324660152
white,156,1.7985328657023683,-0.8087444332574067,2.607277298959775,0.7263799331146253
white,157,1.798904156651422,-0.8090703676499055,2.6079745243013273,0.7208169701123602
white,158,1.7987815440415846,-0.808952566875187,2.6077341109167715,0.7159264661106788
white,159,1.799472581255828,-0.8096533395630701,2.609125920818898,0.7110365100905276
white,160,1.7996973236709417,-0.8098436389216808,2.6095409625926225,0.7050892264471822
white,161,1.8002308545868357,-0.8103645309809672,2.610595385567803,0.6995518519299879
white,162,1.7997900480222364,-0.8099063115219349,2.6096963595441713,0.69449117995506
white,163,1.7997701884523272,-0.8098794408605725,2.6096496293128997,0.6899157370277474
white,164,1.7999925911391215,-0.8101063893085205,2.610098980447642,0.6856238074791636
white,165,1.8004553702544852,-0.8106004132661484,2.6110557835206336,0.6814638407458239
white,166,1.8005934634960825,-0.8107245893622754,2.611318052858358,0.6770233449659285
white,167,1.8005765693997764,-0.8106885797350994,2.611265149134876,0.672527774197385
white,168,1.8001859390464383,-0.8102279586820128,2.610413897728451,0.6679385100010754
white,169,1.799975774070342,-0.8100020224133847,2.6099777964837267,0.6639685773132724
white,170,1.7998167184131508,-0.8099003765472155,2.6097170949603665,0.6605447251009198
white,171,1.8002570853876212,-0.8103488178266829,2.610605903214304,0.6571445761661802
white,172,1.8001640232004532,-0.8103314425969607,2.6104954657974138,0.6534924874086397
white,173,1.7997009472135652,-0.8098790498789508,2.609579997092516,0.6491668058182373
white,174,1.7994665085652202,-0.8096265863971622,2.6090930949623825,0.6453604317395657
white,175,1.7994279744520132,-0.8096414431281129,2.609069417580126,0.6414320236327699
white,176,1.799324730434924,-0.8094825089846531,2.608807239419577,0.6376908532294355
white,177,1.799725338667831,-0.809944629028632,2.6096699676964628,0.6347053853582704
white,178,1.8001121833247082,-0.810381504255897,2.6104936875806053,0.6314394522165921
white,179,1.7998125097177446,-0.810053297561056,2.609865807278801,0.6276496811292541
white,180,1.7996540341761962,-0.809879638455584,2.6095336726317804,0.6236978951852771
white,181,1.7997708505599146,-0.8099758571515395,2.6097467077114542,0.6201156598203003
white,182,1.7996119462798585,-0.80988435035554,2.6094962966353985,0.61653251731284
white,183,1.7993864314270862,-0.8095821655284403,2.6089685969555267,0.612829068699239
white,184,1.7992146410425212,-0.809365567475138,2.608580208517659,0.6092142423190335
white,185,1.7983847635583856,-0.808494098433728,2.6068788619921137,0.60558450116968
white,186,1.7984693108042074,-0.8085544363221207,2.607023747126328,0.6020712655398446
white,187,1.7990481845865,-0.8091277028265424,2.6081758874130427,0.5985485487469611
white,188,1.7992133761576314,-0.8092615793445038,2.6084749555021354,0.5946384568965964
white,189,1.7989758255225359,-0.8090265801104447,2.6080024056329805,0.5907603919324347
white,190,1.799140590636084,-0.8091964804713735,2.6083370711074574,0.5861641851782615
white,191,1.7994235459703474,-0.8094686156961531,2.6088921616665006,0.5826370265162273
white,192,1.7995769599202536,-0.8096179624067283,2.609194922326982,0.5790753058789858
white,193,1.7986284953321527,-0.8086889654457556,2.6073174607779084,0.5756857992745216
white,194,1.799165261325987,-0.8092390472565316,2.608404308582519,0.5724112944197342
white,195,1.7989439860404268,-0.8090687443265459,2.6080127303669727,0.568962895507078
white,196,1.7982155318226913,-0.8083219499189781,2.6065374817416695,0.5653302134753915
white,197,1.798421562338203,-0.808560398766769,2.606981961104972,0.5623279823363053
white,198,1.7985373247197907,-0.8086707122851459,2.6072080370049364,0.5593022822723874
white,199,1.798508662263711,-0.8086123752726623,2.6071210375363734,0.5560223158053085
white,200,1.7979723516590056,-0.8080783702077743,2.60605072186678,0.5528827882578481
white,201,1.7980242918035385,-0.8081836508181962,2.606207942621735,0.5494832419557953
white,202,1.7985858516050912,-0.808742680902497,2.607328532507588,0.5457456444835503
white,203,1.7982286911843157,-0.8084317881405646,2.6066604793248804,0.5422195300621172
white,204,1.7982349383678355,-0.8084069445458699,2.6066418829137055,0.5390572241710441
white,205,1.7989133980723966,-0.8090288024027005,2.607942200475097,0.5357229484821572
white,206,1.7997348703683267,-0.8098662443688877,2.6096011147372145,0.5319220349060656
white,207,1.7995882605210132,-0.8096930264703527,2.609281286991366,0.5280549401516281
white,208,1.7987215022538394,-0.8088397608670526,2.6075612631208918,0.5247004271096674
white,209,1.798523495266304,-0.8086605714637453,2.607184066730049,0.5220322144021674
white,210,1.7990957542010682,-0.8092847417104704,2.6083804959115384,0.5197414888754928
white,211,1.798714248008884,-0.8089095048578869,2.607623752866771,0.5166605330340233
white,212,1.7986625386912427,-0.8088971737573765,2.6075597124486194,0.5138185218867738
white,213,1.7987805815320952,-0.8090361229129104,2.6078167044450056,0.511077056218921
white,214,1.798943727109043,-0.809247604885751,2.608191331994794,0.5087760790355215
white,215,1.7985141749051068,-0.8088197561429001,2.607333931048007,0.5058551566360692
white,216,1.7984682335298388,-0.8086726928248616,2.6071409263547003,0.5030064264833698
white,217,1.798221755397801,-0.8085407723045932,2.6067625277023945,0.49955273487690016
white,218,1.7982534850117622,-0.808573323382218,2.60682680839398,0.49628276263695725
white,219,1.7979395095939092,-0.8082124383358948,2.606151947929804,0.49303810201300274
antithetic,0,0.0,0.0,0.0,44.72136327084009
antithetic,1,1.800220172173645,0.0,1.800220172173645,31.62370920354451
antithetic,2,1.8001931878124642,-0.8091087298295413,2.6093019176420054,0.4982933571515273
antithetic,3,1.800445452635495,-0.8095169139957541,2.6099623666312493,0.31089685261607464
antithetic,4,1.8004479656523955,-0.8095065163795561,2.6099544820319514,0.3105388212865382
antithetic,5,1.800618542005711,-0.8096497625659375,2.6102683045716484,0.25820403509258794
antithetic,6,1.80029962622202,-0.8102691565983149,2.610568782820335,0.2556944273830326
antithetic,7,1.8003639879529474,-0.8102956536201954,2.6106596415731427,0.21755137195529906
antithetic,8,1.8003321225498943,-0.8103294701138725,2.610661592663767,0.21720540124691606
antithetic,9,1.8003962356370766,-0.8103199795245795,2.610716215161656,0.19436278555970757
antithetic,10,1.8002669790291896,-0.810505884865814,2.6107728638950034,0.19385384715755702
antithetic,11,1.8003198152003559,-0.8105136889914281,2.610833504191784,0.175669559486884
antithetic,12,1.8004465090332213,-0.8103229292335921,2.6107694382668134,0.1754014063189933
antithetic,13,1.8005746354341434,-0.8103812198629556,2.610955855297099,0.1618511088367889
antithetic,14,1.8005750809289813,-0.810382538749768,2.610957619678749,0.1616369028133361
antithetic,15,1.8002744563791806,-0.8102413578767109,2.6105158142558915,0.1504521944453914
antithetic,16,1.8002547022177526,-0.8102684226813479,2.6105231248991005,0.15025503772050108
antithetic,17,1.800179437772464,-0.8101889941829185,2.6103684319553824,0.14096160830247978
antithetic,18,1.8002406607553296,-0.8101112894764145,2.610351950231744,0.14083898299543407
antithetic,19,1.800267909139065,-0.8101079349928181,2.610375844131883,0.1330417154053342
antithetic,20,1.800269350552196,-0.8101177510555333,2.6103871016077296,0.13290585600735566
antithetic,21,1.8003297248491321,-0.8101460159189003,2.6104757407680323,0.12606115195136888
antithetic,22,1.8002952337331808,-0.8101953774409967,2.6104906111741775,0.1259773958219466
antithetic,23,1.8002038693338511,-0.8101535188426641,2.6103573881765154,0.1200896515202623
antithetic,24,1.8002327692873097,-0.8101193560958942,2.610352125383204,0.11999159493880095
antithetic,25,1.800105992606962,-0.8099158737152916,2.6100218663222536,0.11468378083637268
antithetic,26,1.8001054059098835,-0.809923142325776,2.6100285482356593,0.11461740489988764
antithetic,27,1.8000834004145054,-0.8099444246286415,2.610027825043147,0.10993816950575669
antithetic,28,1.8000858311680874,-0.8099479486304639,2.6100337797985516,0.10986622301842439
antithetic,29,1.8000786832121436,-0.8099676890097525,2.610046372221896,0.10559755743823308
antithetic,30,1.8000744826355908,-0.8099786737568049,2.6100531563923957,0.10554523057261953
antithetic,31,1.799993210239753,-0.8099336144121121,2.6099268246518648,0.10171490402918987
antithetic,32,1.7999687512118503,-0.8099602624907521,2.6099290137026023,0.10165703173777677
antithetic,33,1.7998952030822413,-0.8099278079770132,2.6098230110592544,0.0981104200386454
antithetic,34,1.7998558586573061,-0.8099851392107075,2.6098409978680137,0.09806695204932138
antithetic,35,1.799774455326568,-0.8099340359458733,2.6097084912724413,0.09483930008539748
antithetic,36,1.7998487072649727,-0.8098353242679714,2.609684031532944,0.09479325683223434
antithetic,37,1.7998414496348527,-0.8098236026793204,2.609665052314173,0.09179904704471491
antithetic,38,1.7999168257033207,-0.8097228681791342,2.609639693882455,0.09176167703359413
antithetic,39,1.7999673825685718,-0.8097379974709045,2.6097053800394763,0.0890048495522039
antithetic,40,1.799919176076113,-0.8098096048374456,2.6097287809135588,0.08896642562528158
antithetic,41,1.8000046255822866,-0.8098551113083383,2.609859736890625,0.08636503060492415
antithetic,42,1.7999519368831667,-0.8099149220482438,2.6098668589314107,0.08633487683606143
antithetic,43,1.7999504243130329,-0.8099284521648239,2.6098788764778567,0.08393689605665011
antithetic,44,1.7999411123608136,-0.8099481930911623,2.6098893054519756,0.08390405871406381
antithetic,45,1.7999937079920603,-0.8100002885297533,2.6099939965218137,0.08162713639998204
antithetic,46,1.7999945312224874,-0.8099995356977485,2.609994066920236,0.0816004698205193
antithetic,47,1.8000103571094321,-0.8100169641409688,2.610027321250401,0.07948549877846371
antithetic,48,1.7999726452987497,-0.8100664945245918,2.6100391398233413,0.07945739923101598
antithetic,49,1.8000031028281727,-0.8101072274619782,2.610110330290151,0.07743993693203186
antithetic,50,1.7999318981235455,-0.8101995893323691,2.6101314874559147,0.0774160295154705
antithetic,51,1.8000074174294722,-0.8102483570518021,2.610255774481274,0.07552178323055561
antithetic,52,1.8000231736809504,-0.8102319356417069,2.610255109322657,0.07549841485241361
antithetic,53,1.8000732911503787,-0.810301602318077,2.610374893468456,0.07370553915212957
antithetic,54,1.800120524109268,-0.8102405877642985,2.6103611118735666,0.07368333127845293
antithetic,55,1.8001008809563457,-0.8102384679162934,2.610339348872639,0.07198415009630577
antithetic,56,1.8001680456269717,-0.8101541857377681,2.61032223136474,0.07196223470595559
antithetic,57,1.8001812838705373,-0.8101829747330976,2.610364258603635,0.07034064885264021
antithetic,58,1.8001537649732164,-0.8102178944677377,2.610371659440954,0.07032067079622438
antithetic,59,1.800074287124814,-0.8101714298424382,2.610245716967252,0.06877293395060081
antithetic,60,1.8000735719764505,-0.8101788163043679,2.610252388280818,0.06875360451625337
antithetic,61,1.8000312356573593,-0.8101585774791084,2.6101898131364676,0.06727397836464072
antithetic,62,1.8000506175971074,-0.8101293311323102,2.6101799487294177,0.06725603152612225
antithetic,63,1.7999865972789133,-0.8100826263942976,2.610069223673211,0.06584931621062294
antithetic,64,1.7999938640078328,-0.8100706060070811,2.610064470014914,0.06583130142200304
antithetic,65,1.8000405340380226,-0.8101122574117654,2.6101527914497877,0.0644766413399955
antithetic,66,1.8000902499002749,-0.8100434961312453,2.6101337460315204,0.06446069797293473
antithetic,67,1.8000344564670645,-0.8100027219575217,2.6100371784245864,0.06317525267136335
antithetic,68,1.8000169860987447,-0.8100228193095396,2.6100398054082845,0.06315856265079155
antithetic,69,1.7999982473582656,-0.8100083040407817,2.6100065513990476,0.06190737648892269
antithetic,70,1.7999944302655486,-0.8100117587599931,2.6100061890255417,0.06189259335121186
antithetic,71,1.7999735206599712,-0.8099906294093047,2.609964150069276,0.060701025148501495
antithetic,72,1.799947974051695,-0.810022025540415,2.60996999959211,0.06068639412154235
antithetic,73,1.7998763787457752,-0.8099946955091282,2.6098710742549036,0.059532757724886635
antithetic,74,1.7998560741085678,-0.8100240863769043,2.609880160485472,0.05951865080535674
antithetic,75,1.7998574966353935,-0.8100311462198551,2.609888642855249,0.05840788020091208
antithetic,76,1.7998988300231287,-0.8099791470305974,2.609877977053726,0.05839510297686909
antithetic,77,1.7998525797541187,-0.8099538486256546,2.6098064283797733,0.05733334318066506
antithetic,78,1.7998893773492897,-0.8099061855383863,2.609795562887676,0.05731958490970649
antithetic,79,1.7998695469251607,-0.8098739601063096,2.60974350703147,0.05628580604755608
antithetic,80,1.7999023793659064,-0.8098398438514772,2.6097422232173835,0.05627368952414651
antithetic,81,1.7999320440681086,-0.8098664774521358,2.6097985215202444,0.05528036839623049
antithetic,82,1.7998966320080274,-0.809907029954269,2.6098036619622964,0.05526829325766883
antithetic,83,1.7998987802915003,-0.8099165561794077,2.6098153364709082,0.054303438776387214
antithetic,84,1.7998927629766162,-0.8099277241108949,2.609820487087511,0.054292330394954624
antithetic,85,1.799870200419437,-0.8099135643156216,2.6097837647350586,0.05336209024739806
antithetic,86,1.799847031042488,-0.8099459712036213,2.6097930022461093,0.053350640053651414
antithetic,87,1.7998995021484359,-0.8099822537349487,2.6098817558833844,0.05244452450618423
antithetic,88,1.7998834615559691,-0.8100024032072276,2.609885864763197,0.05243436965292036
antithetic,89,1.7999167103156486,-0.8100284907466809,2.6099452010623296,0.05156367221787254
antithetic,90,1.7998918811406939,-0.8100544115891027,2.6099462927297967,0.051553087130975436
antithetic,91,1.7998628458298218,-0.8100204794152359,2.6098833252450575,0.05070309243478806
antithetic,92,1.7998906769586693,-0.809982039192448,2.6098727161511173,0.05069307086648062
antithetic,93,1.7998968452889115,-0.8099721907871703,2.609869036076082,0.04987255332605467
antithetic,94,1.7999569031856255,-0.8098958125134381,2.6098527156990636,0.04986256126241478
antithetic,95,1.800013457500153,-0.8099331562589439,2.6099466137590968,0.04906531779820651
antithetic,96,1.800006958084919,-0.8099433741723585,2.6099503322572772,0.04905591151759392
antithetic,97,1.7999862996170322,-0.8099320977634809,2.609918397380513,0.04827925137983257
antithetic,98,1.7999668705206806,-0.8099565182713995,2.60992338879208,0.048269884653347285
antithetic,99,1.7999383459478593,-0.8099287629005991,2.6098671088484586,0.047512846919219955
antithetic,100,1.799971836605944,-0.8098866451399956,2.6098584817459396,0.047503884052657944
antithetic,101,1.7999948919837432,-0.8099071537705729,2.609902045754316,0.04677099829826004
antithetic,102,1.7999827080099189,-0.8099232442568036,2.6099059522667227,0.04676226607400447
antithetic,103,1.7999753979731705,-0.809922871347037,2.6098982693202073,0.046045924960054586
antithetic,104,1.7999475123307753,-0.8099629224160058,2.609910434746781,0.04603752883543438
antithetic,105,1.7999926837148834,-0.809997219682871,2.6099899033977545,0.04533889461191141
antithetic,106,1.7999746063572626,-0.810021332916505,2.6099959392737677,0.045331032554757004
antithetic,107,1.800012563367925,-0.8100298299071561,2.610042393275081,0.04465387469348059
antithetic,108,1.7999977556859093,-0.8100437147693216,2.610041470455231,0.04464586653413551
antithetic,109,1.7999317011441462,-0.80997454924429,2.6099062503884363,0.043984023968966814
antithetic,110,1.7999001208972252,-0.8100158816675987,2.609916002564824,0.04397593632238554
antithetic,111,1.799911552009611,-0.8100267786768973,2.609938330686508,0.04332640598247785
antithetic,112,1.7999126435935644,-0.8100290450449371,2.6099416886385014,0.043319190740127064
antithetic,113,1.7999278683206366,-0.8100465303304436,2.6099743986510804,0.04269159409389321
antithetic,114,1.7999165651717375,-0.8100609507038669,2.6099775158756042,0.042684118677894595
antithetic,115,1.7999158240992958,-0.810043115450607,2.609958939549903,0.04206852946295152
antithetic,116,1.7999347614055425,-0.8100172050944631,2.6099519665000055,0.04206131306275208
antithetic,117,1.7999264097424603,-0.8100081832449745,2.6099345929874347,0.041462571331490186
antithetic,118,1.799911747071745,-0.8100222779933531,2.609934025065098,0.04145539045252807
antithetic,119,1.7999468356212567,-0.8100473143678749,2.6099941499891317,0.040867851411855796
antithetic,120,1.7999335919432466,-0.8100631554576524,2.609996747400899,0.04086116673913785
antithetic,121,1.7998910974964861,-0.8100343292248986,2.609925426721385,0.04028905458948663
antithetic,122,1.7998860585322902,-0.8100432980215034,2.6099293565537938,0.040282158426855556
antithetic,123,1.7999012043995217,-0.8100600510544774,2.609961255453999,0.03971965556287663
antithetic,124,1.7998955152867917,-0.8100688824635303,2.609964397750322,0.039713249631555675
antithetic,125,1.7998929704436848,-0.8100460215269554,2.6099389919706404,0.03916616366615338
antithetic,126,1.7998844081281224,-0.8100588316230568,2.6099432397511793,0.039159724645571034
antithetic,127,1.7998881023816042,-0.8100626639020476,2.609950766283652,0.03862257219617855
antithetic,128,1.7998910166570363,-0.8100615279515389,2.609952544608575,0.0386163418200769
antithetic,129,1.7998545718945231,-0.8100276607006618,2.6098822325951847,0.03809176057356385
antithetic,130,1.7998522176071934,-0.8100311377562678,2.6098833553634613,0.03808559867016583
antithetic,131,1.799870732428198,-0.8100642050055527,2.6099349374337506,0.0375713300234508
antithetic,132,1.799881339992287,-0.8100498111090897,2.6099311511013767,0.03756541235798444
antithetic,133,1.799909593945893,-0.8100716593824704,2.609981253328363,0.03706389017950888
antithetic,134,1.7999253390792376,-0.8100487454014299,2.6099740844806676,0.037058109668574604
antithetic,135,1.7999465993233184,-0.8100765321353115,2.6100231314586297,0.03656671612677415
antithetic,136,1.7999539582792499,-0.8100656690207109,2.6100196272999607,0.03656088170899287
antithetic,137,1.799981959215089,-0.8100691245339379,2.6100510837490267,0.03607796572512427
antithetic,138,1.8000016358840478,-0.8100433520999047,2.6100449879839527,0.03607252013062881
antithetic,139,1.7999681174105935,-0.8100173510164662,2.60998546842706,0.03560145503076358
antithetic,140,1.799953909123529,-0.8100345734222651,2.609988482545794,0.03559558577726613
antithetic,141,1.7999652259619254,-0.8100371792690183,2.6100024052309436,0.035128625660796886
antithetic,142,1.7999253761161715,-0.8100851504391889,2.6100105265553606,0.03512357056886332
antithetic,143,1.7998972243053166,-0.8100422087638438,2.6099394330691603,0.03466979575576056
antithetic,144,1.7999382510846869,-0.8099909884363738,2.609929239521061,0.03466426385182887
antithetic,145,1.7998881697476747,-0.8099510539273667,2.609839223675041,0.034217867003722494
antithetic,146,1.7998760250489985,-0.8099672312064508,2.6098432562554494,0.03421258947116113
antithetic,147,1.7998413311460817,-0.8099181099855822,2.609759441131664,0.033773455470801586
antithetic,148,1.7998029404337645,-0.8099691794726421,2.6097721199064066,0.033768327440873325
antithetic,149,1.7997983625072038,-0.8099682352882935,2.609766597795497,0.03333644935107892
antithetic,150,1.7997879405116646,-0.809978948865328,2.6097668893769925,0.03333172588903201
antithetic,151,1.7998206863969843,-0.810027607107497,2.6098482935044816,0.03291170282966275
antithetic,152,1.799807407572769,-0.8100460300946678,2.6098534376674367,0.03290680935075727
antithetic,153,1.7998371095961176,-0.8100521004419787,2.609889210038096,0.032492023723775056
antithetic,154,1.7998627617742684,-0.8100192336361508,2.609881995410419,0.032487422549057156
antithetic,155,1.7998987421226114,-0.8100310929240883,2.6099298350466995,0.03208328787527319
antithetic,156,1.7999170692027902,-0.810006238159997,2.609923307362787,0.03207848462227281
antithetic,157,1.7999453964359635,-0.8100134563022382,2.6099588527382016,0.031679345888504934
antithetic,158,1.7999498229158664,-0.8100084918326865,2.6099583147485528,0.031674819126614684
antithetic,159,1.7999355558343273,-0.8099929933166882,2.6099285491510154,0.031283179397778436
antithetic,160,1.799927691625688,-0.810000797087292,2.6099284887129803,0.03127857642674852
antithetic,161,1.7999330925171197,-0.8100083229804845,2.6099414154976044,0.030892695935747422
antithetic,162,1.7999160374725272,-0.8100302971840605,2.6099463346565877,0.03088832073270924
antithetic,163,1.7999357745488893,-0.8100403757704868,2.609976150319376,0.030509378724562556
antithetic,164,1.7999235699532656,-0.8100578340183674,2.609981403971633,0.03050510118731428
antithetic,165,1.799908816817133,-0.8100353718720951,2.6099441886892283,0.03013265891933872
antithetic,166,1.799925872095688,-0.8100122791833517,2.6099381512790396,0.03012834295421654
antithetic,167,1.799944477505454,-0.810038379223922,2.609982856729376,0.02976298238591304
antithetic,168,1.7999314402688487,-0.810054551432196,2.609985991701045,0.029758797459055835
antithetic,169,1.799908074326006,-0.8100447706680558,2.609952844994062,0.029398745658707422
antithetic,170,1.7998966265516931,-0.8100596037482539,2.609956230299947,0.029394590960066053
antithetic,171,1.799910970310958,-0.8100675558525086,2.6099785261634665,0.029040188218032576
antithetic,172,1.7999468388816622,-0.8100194315690407,2.6099662704507027,0.029036199134203695
antithetic,173,1.799954625946473,-0.8100256064905286,2.6099802324370014,0.02869059785877971
antithetic,174,1.7999462764416558,-0.8100350126130285,2.6099812890546845,0.028686429243494262
antithetic,175,1.7999263827054353,-0.8100172186693189,2.609943601374754,0.02834263228823709
antithetic,176,1.7999508942901539,-0.8099843950151875,2.6099352893053416,0.028338750800606317
antithetic,177,1.7999569761626613,-0.8099841739980511,2.6099411501607124,0.028003325494136453
antithetic,178,1.7999575213592676,-0.8099817656385571,2.6099392869978244,0.02799937682744381
antithetic,179,1.7999807369980145,-0.8099878852893213,2.6099686222873357,0.027667657727013833
antithetic,180,1.7999905814502297,-0.8099769905417838,2.6099675719920135,0.027663908619176048
antithetic,181,1.800012753965491,-0.8099857074309869,2.609998461396478,0.02733824744365111
antithetic,182,1.8000025383286642,-0.8099960869699058,2.60999862529857,0.027334554829640693
antithetic,183,1.8000165962359347,-0.8099969289922256,2.6100135252281604,0.02701369883245013
antithetic,184,1.800000840232678,-0.8100181738458033,2.6100190140784814,0.02701000902015622
antithetic,185,1.799993284000353,-0.8100023728468616,2.6099956568472145,0.0266931976256674
antithetic,186,1.7999729023008766,-0.8100309264479041,2.6100038287487806,0.026689643909499537
antithetic,187,1.7999853196618967,-0.810042272069024,2.610027591730921,0.026377980402296393
antithetic,188,1.799950393107036,-0.8100890786024402,2.6100394717094764,0.02637446422366607
antithetic,189,1.7999699371644813,-0.8100941560467043,2.610064093211186,0.026067038886605477
antithetic,190,1.7999512382831746,-0.8101167891012612,2.6100680273844357,0.02606367974735707
antithetic,191,1.7999586891290698,-0.8101238326908728,2.6100825218199426,0.02576248179548855
antithetic,192,1.79998859514525,-0.8100863491180427,2.6100749442632925,0.025758995752356892
antithetic,193,1.79996180406235,-0.8100706551816261,2.610032459243976,0.02546232723083329
antithetic,194,1.7999488945002136,-0.8100864463702779,2.6100353408704917,0.02545885022447605
antithetic,195,1.7999422812685966,-0.8100811147837429,2.6100233960523394,0.025165106524215476
antithetic,196,1.7999445431948076,-0.8100783232824069,2.6100228664772143,0.025161798932326753
antithetic,197,1.7999497973221756,-0.8100710791938134,2.610020876515989,0.02487382926116571
antithetic,198,1.7999566503286832,-0.8100606935771049,2.6100173439057883,0.02487052233371526
antithetic,199,1.79991881372621,-0.8100415766866899,2.6099603904129,0.024586536709235617
antithetic,200,1.79990381005772,-0.810059906587385,2.609963716645105,0.024583143997520648
antithetic,201,1.7998996744264266,-0.8100631530362253,2.609962827462652,0.02430183902963854
antithetic,202,1.7998968752907734,-0.8100669277380247,2.609963803028798,0.02429877891203452
antithetic,203,1.7999142493908402,-0.8100817427372378,2.609995992128078,0.024023699167207917
antithetic,204,1.7998978628692683,-0.8101020456826654,2.609999908551934,0.024020491183547654
antithetic,205,1.7999130220167678,-0.8101011523001166,2.6100141743168845,0.0237478286291165
antithetic,206,1.7999402931041786,-0.8100682722109449,2.6100085653151233,0.02374479512274883
antithetic,207,1.7999019253873993,-0.8100507264695882,2.6099526518569878,0.023477921761720057
antithetic,208,1.799897783359493,-0.8100569926923671,2.60995477605186,0.023474692036609235
antithetic,209,1.7998686448562047,-0.8100415881648346,2.609910233021039,0.023208841751264503
antithetic,210,1.7998489840628622,-0.810069280565965,2.6099182646288273,0.023205913986712894
antithetic,211,1.799823634913948,-0.8100396571982225,2.6098632921121707,0.022945136263136382
antithetic,212,1.7998390924544863,-0.8100209557738404,2.6098600482283265,0.022942134948524425
antithetic,213,1.799850173388458,-0.810031034682201,2.609881208070659,0.02268530313751935
antithetic,214,1.7998339675638624,-0.8100481781322624,2.6098821456961248,0.022682389287896176
antithetic,215,1.799830906401992,-0.810040004600865,2.609870911002857,0.022429065036563528
antithetic,216,1.799826064970534,-0.8100462832265113,2.609872348197045,0.022426186621641274
antithetic,217,1.7998260984885066,-0.810045065271239,2.6098711637597454,0.022176210410800687
antithetic,218,1.7998383436261352,-0.8100306280065925,2.6098689716327277,0.022173374381160394
antithetic,219,1.7998319184535385,-0.8100407714393041,2.6098726898928426,0.021927308345512805
