momentum,amplitude_contraction_floor,covariance_contraction_floor,minimum_horizon
0.01,0.1,0.010000000000000002,1
0.015,0.1224744871391589,0.015,1
0.02,0.1414213562373095,0.02,1
0.025,0.15811388300841897,0.025,1
0.03,0.17320508075688773,0.03,1
0.035,0.18708286933869708,0.035,1
0.04,0.2,0.04000000000000001,1
0.045000000000000005,0.21213203435596428,0.04500000000000001,1
0.05,0.22360679774997896,0.049999999999999996,1
0.055,0.2345207879911715,0.05500000000000001,1
0.060000000000000005,0.24494897427831783,0.06000000000000001,1
0.065,0.25495097567963926,0.065,2
0.06999999999999999,0.264575131106459,0.06999999999999998,2
0.075,0.27386127875258304,0.07499999999999998,2
0.08,0.282842712474619,0.08,2
0.08499999999999999,0.291547594742265,0.08499999999999998,2
0.09,0.3,0.09,2
0.095,0.3082207001484488,0.095,2
0.09999999999999999,0.31622776601683794,0.1,2
0.105,0.324037034920393,0.10499999999999998,2
0.11,0.33166247903553997,0.10999999999999999,2
0.11499999999999999,0.3391164991562634,0.115,2
0.12,0.34641016151377546,0.12,2
0.125,0.3535533905932738,0.12500000000000003,2
0.13,0.36055512754639896,0.13000000000000003,2
0.135,0.3674234614174767,0.135,2
0.14,0.37416573867739417,0.14,2
0.14500000000000002,0.38078865529319544,0.14500000000000002,2
0.15000000000000002,0.3872983346207417,0.15000000000000002,2
0.155,0.39370039370059057,0.15500000000000003,2
0.16,0.4,0.16000000000000003,2
0.165,0.406201920231798,0.165,2
0.17,0.41231056256176607,0.17,2
0.17500000000000002,0.4183300132670378,0.17500000000000002,2
0.18000000000000002,0.42426406871192857,0.18000000000000005,2
0.18500000000000003,0.4301162633521314,0.18500000000000003,2
0.19,0.43588989435406733,0.18999999999999997,2
0.195,0.44158804331639234,0.195,2
0.2,0.4472135954999579,0.19999999999999998,2
0.20500000000000002,0.45276925690687087,0.20500000000000004,2
0.21000000000000002,0.45825756949558405,0.21000000000000005,2
0.21500000000000002,0.46368092477478523,0.21500000000000005,2
0.22,0.469041575982343,0.22000000000000003,2
0.225,0.4743416490252569,0.22499999999999998,2
0.23,0.47958315233127197,0.23,2
0.23500000000000001,0.48476798574163293,0.23500000000000004,2
0.24000000000000002,0.48989794855663565,0.24000000000000005,2
0.24500000000000002,0.4949747468305833,0.24500000000000002,2
0.25,0.5,0.25,2
0.255,0.5049752469181039,0.255,3
0.26,0.5099019513592785,0.26,3
0.265,0.51478150704935,0.26499999999999996,3
0.27,0.5196152422706632,0.2700000000000001,3
0.275,0.5244044240850758,0.275,3
0.28,0.5291502622129182,0.28,3
0.28500000000000003,0.5338539126015656,0.285,3
0.29000000000000004,0.5385164807134505,0.2900000000000001,3
0.29500000000000004,0.5431390245600108,0.29500000000000004,3
0.3,0.5477225575051661,0.29999999999999993,3
0.305,0.552268050859363,0.305,3
0.31,0.5567764362830022,0.31000000000000005,3
0.315,0.5612486080160912,0.315,3
0.32,0.565685424949238,0.32,3
0.325,0.570087712549569,0.32500000000000007,3
0.33,0.5744562646538028,0.32999999999999996,3
0.335,0.5787918451395113,0.3350000000000001,3
0.34,0.5830951894845301,0.3400000000000001,3
0.34500000000000003,0.5873670062235365,0.34500000000000003,3
0.35000000000000003,0.5916079783099616,0.35,3
0.35500000000000004,0.5958187643906493,0.35500000000000004,3
0.36000000000000004,0.6000000000000001,0.3600000000000001,3
0.365,0.6041522986797286,0.36500000000000005,3
0.37,0.6082762530298219,0.36999999999999994,3
0.375,0.6123724356957945,0.37499999999999994,3
0.38,0.6164414002968976,0.38,3
0.385,0.6204836822995429,0.38500000000000006,3
0.39,0.6244997998398398,0.39,3
0.395,0.6284902544988268,0.3950000000000001,3
0.4,0.6324555320336759,0.4,4
0.405,0.6363961030678927,0.40499999999999997,4
0.41000000000000003,0.6403124237432849,0.41000000000000003,4
0.41500000000000004,0.6442049363362563,0.41500000000000004,4
0.42000000000000004,0.6480740698407861,0.4200000000000001,4
0.42500000000000004,0.6519202405202649,0.425,4
0.43,0.6557438524302001,0.43,4
0.435,0.6595452979136459,0.43499999999999994,4
0.44,0.6633249580710799,0.43999999999999995,4
0.445,0.6670832032063166,0.44499999999999995,4
0.45,0.6708203932499369,0.45,4
0.455,0.6745368781616021,0.45500000000000007,4
0.46,0.6782329983125268,0.46,4
0.465,0.6819090848492928,0.465,4
0.47000000000000003,0.6855654600401044,0.47000000000000003,4
0.47500000000000003,0.6892024376045112,0.4750000000000001,4
0.48000000000000004,0.6928203230275509,0.48,4
0.48500000000000004,0.696419413859206,0.4850000000000001,4
0.49,0.7,0.48999999999999994,4
0.495,0.7035623639735145,0.49500000000000005,4
0.5,0.7071067811865476,0.5000000000000001,5
0.505,0.7106335201775947,0.5049999999999999,5
0.51,0.714142842854285,0.51,5
0.515,0.7176350047203662,0.515,5
0.52,0.7211102550927979,0.5200000000000001,5
0.525,0.724568837309472,0.525,5
0.53,0.7280109889280518,0.53,5
0.535,0.7314369419163897,0.5350000000000001,5
0.54,0.7348469228349535,0.54,5
0.545,0.73824115301167,0.545,5
0.55,0.7416198487095663,0.55,5
0.555,0.744983221287567,0.555,5
0.56,0.7483314773547883,0.56,5
0.5650000000000001,0.7516648189186454,0.5650000000000001,5
0.5700000000000001,0.754983443527075,0.5700000000000001,5
0.5750000000000001,0.7582875444051551,0.5750000000000001,6
0.5800000000000001,0.7615773105863909,0.5800000000000001,6
0.5850000000000001,0.7648529270389178,0.5850000000000002,6
0.59,0.7681145747868608,0.5900000000000001,6
0.595,0.7713624310270756,0.595,6
0.6,0.7745966692414834,0.6000000000000001,6
0.605,0.7778174593052023,0.605,6
0.61,0.7810249675906654,0.61,6
0.615,0.7842193570679061,0.6150000000000001,6
0.62,0.7874007874011811,0.6200000000000001,6
0.625,0.7905694150420949,0.6250000000000001,6
0.63,0.7937253933193772,0.63,7
0.635,0.7968688725254613,0.635,7
0.64,0.8,0.6400000000000001,7
0.645,0.8031189202104505,0.645,7
0.65,0.806225774829855,0.6500000000000001,7
0.655,0.8093207028119322,0.6549999999999999,7
0.66,0.812403840463596,0.66,7
0.665,0.8154753215150046,0.665,7
0.67,0.8185352771872451,0.6700000000000002,7
0.675,0.8215838362577492,0.675,8
0.68,0.8246211251235321,0.68,8
0.685,0.8276472678623424,0.685,8
0.6900000000000001,0.8306623862918076,0.6900000000000001,8
0.6950000000000001,0.8336666000266534,0.6950000000000001,8
0.7000000000000001,0.8366600265340756,0.7000000000000001,8
0.7050000000000001,0.8396427811873333,0.705,8
0.7100000000000001,0.8426149773176359,0.7100000000000001,9
0.715,0.8455767262643882,0.7150000000000001,9
0.72,0.848528137423857,0.72,9
0.725,0.85146931829632,0.7249999999999999,9
0.73,0.8544003745317531,0.73,9
0.735,0.8573214099741123,0.735,10
0.74,0.8602325267042626,0.74,10
0.745,0.8631338250816034,0.745,10
0.75,0.8660254037844386,0.7499999999999999,10
0.755,0.8689073598491384,0.755,10
0.76,0.8717797887081347,0.7599999999999999,11
0.765,0.8746427842267951,0.765,11
0.77,0.8774964387392122,0.77,11
0.775,0.8803408430829505,0.775,11
0.78,0.8831760866327847,0.78,12
0.785,0.8860022573334675,0.7849999999999999,12
0.79,0.8888194417315589,0.79,12
0.795,0.8916277250063505,0.7950000000000002,13
0.8,0.8944271909999159,0.7999999999999999,13
0.805,0.897217922246318,0.8049999999999999,13
0.81,0.9,0.81,14
0.8150000000000001,0.9027735042633894,0.8150000000000001,14
0.8200000000000001,0.9055385138137417,0.8200000000000002,14
0.8250000000000001,0.9082951062292476,0.8250000000000002,15
0.8300000000000001,0.9110433579144299,0.8300000000000001,15
0.8350000000000001,0.9137833441248533,0.8350000000000001,16
0.8400000000000001,0.9165151389911681,0.8400000000000002,16
0.845,0.9192388155425117,0.845,17
0.85,0.9219544457292888,0.8500000000000001,18
0.855,0.9246621004453465,0.855,18
0.86,0.9273618495495703,0.86,19
0.865,0.9300537618869137,0.865,20
0.87,0.9327379053088815,0.8699999999999999,20
0.875,0.9354143466934853,0.875,21
0.88,0.938083151964686,0.8800000000000001,22
0.885,0.9407443861113389,0.8849999999999999,23
0.89,0.9433981132056604,0.89,24
0.895,0.9460443964212251,0.895,25
0.9,0.9486832980505138,0.8999999999999999,27
0.905,0.9513148795220224,0.905,28
0.91,0.9539392014169457,0.91,30
0.915,0.9565563234854496,0.9150000000000001,32
0.92,0.9591663046625439,0.92,34
0.925,0.9617692030835673,0.925,36
0.93,0.9643650760992956,0.9300000000000002,39
0.935,0.9669539802906858,0.9349999999999999,42
0.9400000000000001,0.9695359714832659,0.9400000000000002,45
0.9450000000000001,0.972111104761179,0.945,50
0.9500000000000001,0.9746794344808964,0.9500000000000001,55
0.9550000000000001,0.9772410142846032,0.9550000000000001,61
0.9600000000000001,0.9797958971132713,0.9600000000000002,68
0.9650000000000001,0.9823441352194251,0.9650000000000002,78
0.97,0.9848857801796105,0.97,92
0.975,0.9874208829065749,0.975,110
0.98,0.9899494936611666,0.9800000000000001,138
0.985,0.9924716620639604,0.9850000000000001,184
0.99,0.99498743710662,0.99,276
