trajectory_index,seed,method,rank,dimension,lag,k,validation_vamp2,test_log_loss_bits_per_symbol,test_perplexity,minimum_block_surrogate_margin_bits,block_metrics_json
0,101,vamp,3,3,1,8,2.9818273032732305,0.4335847771372291,1.3505853158809147,5.199999999999704,"{""16"": {""margin_bits"": 5.199999999999704, ""surrogate_gain_bits"": [788.9932352142706, 790.9932352142708, 788.9932352142708, 793.9932352142706, 790.9932352142706, 790.9932352142706, 786.9932352142706, 790.9932352142706, 794.9932352142706, 794.9932352142706, 790.9932352142706, 790.9932352142706, 793.9932352142706, 794.9932352142706, 793.9932352142708, 794.9932352142706, 786.9932352142706, 793.9932352142706, 790.9932352142706, 790.9932352142706], ""surrogate_gain_bits_mean"": 791.7932352142709}, ""4"": {""margin_bits"": 9.599999999999795, ""surrogate_gain_bits"": [790.9932352142706, 781.9932352142706, 790.9932352142706, 790.9932352142706, 778.9932352142706, 790.9932352142706, 784.9932352142706, 787.9932352142706, 790.9932352142706, 784.9932352142706, 790.9932352142706, 781.9932352142708, 790.9932352142706, 790.9932352142706, 787.9932352142708, 784.9932352142706, 787.9932352142706, 781.9932352142706, 787.9932352142706, 787.9932352142706], ""surrogate_gain_bits_mean"": 787.3932352142708}}"
0,101,vamp,3,3,1,16,2.9818273032732305,0.7314296502487846,1.6602835480298257,4.300000000000182,"{""16"": {""margin_bits"": 4.300000000000182, ""surrogate_gain_bits"": [1128.2464057351895, 1128.246405735189, 1124.246405735189, 1128.2464057351895, 1128.2464057351895, 1132.246405735189, 1128.246405735189, 1128.2464057351895, 1128.246405735189, 1125.2464057351895, 1128.246405735189, 1128.246405735189, 1128.2464057351895, 1128.2464057351895, 1128.2464057351895, 1128.2464057351895, 1125.2464057351895, 1128.246405735189, 1128.2464057351895, 1128.2464057351895], ""surrogate_gain_bits_mean"": 1127.9464057351893}, ""4"": {""margin_bits"": 6.399999999999864, ""surrogate_gain_bits"": [1128.2464057351895, 1125.2464057351895, 1128.2464057351895, 1128.246405735189, 1125.2464057351895, 1128.2464057351895, 1125.2464057351895, 1125.2464057351895, 1128.2464057351895, 1125.2464057351895, 1128.2464057351895, 1125.2464057351895, 1125.2464057351895, 1128.246405735189, 1125.2464057351895, 1122.2464057351895, 1125.2464057351895, 1122.2464057351895, 1122.2464057351895, 1125.2464057351895], ""surrogate_gain_bits_mean"": 1125.8464057351896}}"
0,101,tica,3,3,1,8,2.9818273032732305,0.4422921999093937,1.3587614568891246,3.549999999999727,"{""16"": {""margin_bits"": 3.549999999999727, ""surrogate_gain_bits"": [783.0528787193772, 785.0528787193772, 785.0528787193772, 788.0528787193772, 789.0528787193774, 785.0528787193772, 789.0528787193772, 785.0528787193772, 789.0528787193772, 793.0528787193772, 785.0528787193772, 788.0528787193774, 788.0528787193772, 789.0528787193772, 789.0528787193772, 793.0528787193772, 783.0528787193772, 788.0528787193772, 787.0528787193772, 788.0528787193772], ""surrogate_gain_bits_mean"": 787.5028787193775}, ""4"": {""margin_bits"": 7.199999999999704, ""surrogate_gain_bits"": [785.0528787193772, 785.0528787193772, 785.0528787193774, 785.0528787193774, 779.0528787193772, 785.0528787193772, 779.052878719377, 785.052878719377, 785.0528787193774, 779.0528787193772, 785.0528787193772, 782.0528787193772, 785.0528787193772, 785.0528787193772, 782.0528787193774, 785.0528787193774, 785.0528787193772, 782.0528787193772, 785.0528787193772, 788.0528787193772], ""surrogate_gain_bits_mean"": 783.8528787193775}}"
0,101,tica,3,3,1,16,2.9818273032732305,0.7314296502487846,1.6602835480298257,4.300000000000182,"{""16"": {""margin_bits"": 4.300000000000182, ""surrogate_gain_bits"": [1128.2464057351895, 1128.246405735189, 1124.246405735189, 1128.2464057351895, 1128.2464057351895, 1132.246405735189, 1128.246405735189, 1128.2464057351895, 1128.246405735189, 1125.2464057351895, 1128.246405735189, 1128.246405735189, 1128.2464057351895, 1128.2464057351895, 1128.2464057351895, 1128.2464057351895, 1125.2464057351895, 1128.246405735189, 1128.2464057351895, 1128.2464057351895], ""surrogate_gain_bits_mean"": 1127.9464057351893}, ""4"": {""margin_bits"": 6.399999999999864, ""surrogate_gain_bits"": [1128.2464057351895, 1125.2464057351895, 1128.2464057351895, 1128.246405735189, 1125.2464057351895, 1128.2464057351895, 1125.2464057351895, 1125.2464057351895, 1128.2464057351895, 1125.2464057351895, 1128.2464057351895, 1125.2464057351895, 1125.2464057351895, 1128.246405735189, 1125.2464057351895, 1122.2464057351895, 1125.2464057351895, 1122.2464057351895, 1122.2464057351895, 1125.2464057351895], ""surrogate_gain_bits_mean"": 1125.8464057351896}}"
0,101,pca_lift_kmeans,3,3,,8,,0.41955897016028754,1.337518614728557,3.64999999999975,"{""16"": {""margin_bits"": 3.64999999999975, ""surrogate_gain_bits"": [806.7424995195846, 800.7424995195846, 800.7424995195846, 803.7424995195848, 803.7424995195848, 803.7424995195848, 803.7424995195848, 800.7424995195848, 800.7424995195848, 804.7424995195846, 806.7424995195848, 806.7424995195848, 800.7424995195848, 803.7424995195848, 803.7424995195848, 804.7424995195848, 800.7424995195848, 800.7424995195846, 803.7424995195846, 800.7424995195848], ""surrogate_gain_bits_mean"": 803.0924995195849}, ""4"": {""margin_bits"": 8.099999999999795, ""surrogate_gain_bits"": [800.7424995195846, 803.7424995195846, 800.7424995195846, 800.7424995195848, 800.7424995195848, 800.7424995195846, 794.7424995195846, 794.7424995195846, 800.7424995195848, 794.7424995195846, 800.7424995195848, 800.7424995195846, 794.7424995195848, 800.7424995195848, 794.7424995195846, 803.7424995195846, 791.7424995195848, 803.7424995195848, 794.7424995195848, 794.7424995195848], ""surrogate_gain_bits_mean"": 798.6424995195848}}"
0,101,pca_lift_kmeans,3,3,,16,,0.710454391382181,1.636319411297046,2.6000000000001364,"{""16"": {""margin_bits"": 2.6000000000001364, ""surrogate_gain_bits"": [1140.0400665228858, 1137.0400665228858, 1140.0400665228858, 1137.0400665228858, 1140.0400665228863, 1137.0400665228858, 1140.0400665228858, 1137.0400665228858, 1140.0400665228858, 1137.0400665228858, 1141.0400665228858, 1137.0400665228858, 1137.0400665228858, 1140.0400665228858, 1137.0400665228858, 1137.0400665228863, 1141.0400665228858, 1137.0400665228858, 1139.0400665228863, 1137.0400665228858], ""surrogate_gain_bits_mean"": 1138.4400665228857}, ""4"": {""margin_bits"": 3.550000000000182, ""surrogate_gain_bits"": [1137.0400665228858, 1137.0400665228863, 1137.0400665228858, 1137.0400665228858, 1137.0400665228858, 1137.0400665228858, 1137.0400665228858, 1137.0400665228863, 1137.0400665228858, 1137.0400665228858, 1137.0400665228858, 1137.0400665228858, 1137.0400665228858, 1137.0400665228858, 1137.0400665228858, 1137.0400665228858, 1140.0400665228858, 1137.0400665228858, 1140.0400665228858, 1140.0400665228858], ""surrogate_gain_bits_mean"": 1137.4900665228856}}"
0,101,pca_lift_kmeans,10,10,,8,,0.41955897016028754,1.337518614728557,3.64999999999975,"{""16"": {""margin_bits"": 3.64999999999975, ""surrogate_gain_bits"": [806.7424995195846, 800.7424995195846, 800.7424995195846, 803.7424995195848, 803.7424995195848, 803.7424995195848, 803.7424995195848, 800.7424995195848, 800.7424995195848, 804.7424995195846, 806.7424995195848, 806.7424995195848, 800.7424995195848, 803.7424995195848, 803.7424995195848, 804.7424995195848, 800.7424995195848, 800.7424995195846, 803.7424995195846, 800.7424995195848], ""surrogate_gain_bits_mean"": 803.0924995195849}, ""4"": {""margin_bits"": 8.099999999999795, ""surrogate_gain_bits"": [800.7424995195846, 803.7424995195846, 800.7424995195846, 800.7424995195848, 800.7424995195848, 800.7424995195846, 794.7424995195846, 794.7424995195846, 800.7424995195848, 794.7424995195846, 800.7424995195848, 800.7424995195846, 794.7424995195848, 800.7424995195848, 794.7424995195846, 803.7424995195846, 791.7424995195848, 803.7424995195848, 794.7424995195848, 794.7424995195848], ""surrogate_gain_bits_mean"": 798.6424995195848}}"
0,101,pca_lift_kmeans,10,10,,16,,0.710454391382181,1.636319411297046,2.6000000000001364,"{""16"": {""margin_bits"": 2.6000000000001364, ""surrogate_gain_bits"": [1140.0400665228858, 1137.0400665228858, 1140.0400665228858, 1137.0400665228858, 1140.0400665228863, 1137.0400665228858, 1140.0400665228858, 1137.0400665228858, 1140.0400665228858, 1137.0400665228858, 1141.0400665228858, 1137.0400665228858, 1137.0400665228858, 1140.0400665228858, 1137.0400665228858, 1137.0400665228863, 1141.0400665228858, 1137.0400665228858, 1139.0400665228863, 1137.0400665228858], ""surrogate_gain_bits_mean"": 1138.4400665228857}, ""4"": {""margin_bits"": 3.550000000000182, ""surrogate_gain_bits"": [1137.0400665228858, 1137.0400665228863, 1137.0400665228858, 1137.0400665228858, 1137.0400665228858, 1137.0400665228858, 1137.0400665228858, 1137.0400665228863, 1137.0400665228858, 1137.0400665228858, 1137.0400665228858, 1137.0400665228858, 1137.0400665228858, 1137.0400665228858, 1137.0400665228858, 1137.0400665228858, 1140.0400665228858, 1137.0400665228858, 1140.0400665228858, 1140.0400665228858], ""surrogate_gain_bits_mean"": 1137.4900665228856}}"
0,101,direct_xyz_kmeans,,3,,8,,0.41955897016028754,1.337518614728557,3.64999999999975,"{""16"": {""margin_bits"": 3.64999999999975, ""surrogate_gain_bits"": [806.7424995195846, 800.7424995195846, 800.7424995195846, 803.7424995195848, 803.7424995195848, 803.7424995195848, 803.7424995195848, 800.7424995195848, 800.7424995195848, 804.7424995195846, 806.7424995195848, 806.7424995195848, 800.7424995195848, 803.7424995195848, 803.7424995195848, 804.7424995195848, 800.7424995195848, 800.7424995195846, 803.7424995195846, 800.7424995195848], ""surrogate_gain_bits_mean"": 803.0924995195849}, ""4"": {""margin_bits"": 8.099999999999795, ""surrogate_gain_bits"": [800.7424995195846, 803.7424995195846, 800.7424995195846, 800.7424995195848, 800.7424995195848, 800.7424995195846, 794.7424995195846, 794.7424995195846, 800.7424995195848, 794.7424995195846, 800.7424995195848, 800.7424995195846, 794.7424995195848, 800.7424995195848, 794.7424995195846, 803.7424995195846, 791.7424995195848, 803.7424995195848, 794.7424995195848, 794.7424995195848], ""surrogate_gain_bits_mean"": 798.6424995195848}}"
0,101,direct_xyz_kmeans,,3,,16,,0.710454391382181,1.636319411297046,2.6000000000001364,"{""16"": {""margin_bits"": 2.6000000000001364, ""surrogate_gain_bits"": [1140.0400665228858, 1137.0400665228858, 1140.0400665228858, 1137.0400665228858, 1140.0400665228863, 1137.0400665228858, 1140.0400665228858, 1137.0400665228858, 1140.0400665228858, 1137.0400665228858, 1141.0400665228858, 1137.0400665228858, 1137.0400665228858, 1140.0400665228858, 1137.0400665228858, 1137.0400665228863, 1141.0400665228858, 1137.0400665228858, 1139.0400665228863, 1137.0400665228858], ""surrogate_gain_bits_mean"": 1138.4400665228857}, ""4"": {""margin_bits"": 3.550000000000182, ""surrogate_gain_bits"": [1137.0400665228858, 1137.0400665228863, 1137.0400665228858, 1137.0400665228858, 1137.0400665228858, 1137.0400665228858, 1137.0400665228858, 1137.0400665228863, 1137.0400665228858, 1137.0400665228858, 1137.0400665228858, 1137.0400665228858, 1137.0400665228858, 1137.0400665228858, 1137.0400665228858, 1137.0400665228858, 1140.0400665228858, 1137.0400665228858, 1140.0400665228858, 1140.0400665228858], ""surrogate_gain_bits_mean"": 1137.4900665228856}}"
1,202,vamp,3,3,1,8,2.9821987684070472,0.4817497429117929,1.3964362786444853,5.2000000000000455,"{""16"": {""margin_bits"": 5.2000000000000455, ""surrogate_gain_bits"": [719.7430460687441, 718.7430460687441, 716.7430460687441, 713.7430460687443, 722.7430460687441, 718.7430460687441, 716.7430460687441, 716.7430460687441, 718.7430460687441, 716.7430460687441, 718.7430460687441, 716.7430460687441, 716.7430460687441, 716.7430460687441, 716.7430460687441, 718.7430460687441, 718.7430460687441, 716.7430460687441, 716.7430460687441, 714.7430460687441], ""surrogate_gain_bits_mean"": 717.5430460687443}, ""4"": {""margin_bits"": 7.35000000000025, ""surrogate_gain_bits"": [716.7430460687439, 716.7430460687441, 716.7430460687441, 710.7430460687441, 713.7430460687441, 716.7430460687441, 713.7430460687441, 716.7430460687441, 716.7430460687441, 716.7430460687441, 713.7430460687439, 713.7430460687441, 716.7430460687441, 716.7430460687441, 713.7430460687441, 713.7430460687441, 716.7430460687441, 713.7430460687441, 716.7430460687441, 716.7430460687441], ""surrogate_gain_bits_mean"": 715.3930460687441}}"
1,202,vamp,3,3,1,16,2.9821987684070472,0.7708327343665177,1.7062543621332302,4.249999999999886,"{""16"": {""margin_bits"": 4.249999999999886, ""surrogate_gain_bits"": [1006.2061002784634, 999.2061002784634, 1003.2061002784634, 997.2061002784634, 1000.2061002784634, 1003.2061002784636, 1000.2061002784639, 999.2061002784634, 999.2061002784634, 1000.2061002784634, 1006.2061002784634, 1003.2061002784634, 1003.2061002784636, 1003.2061002784634, 1006.2061002784636, 1001.2061002784634, 1003.2061002784634, 1000.2061002784636, 1003.2061002784636, 1001.2061002784634], ""surrogate_gain_bits_mean"": 1001.9561002784637}, ""4"": {""margin_bits"": 9.149999999999864, ""surrogate_gain_bits"": [997.2061002784634, 995.2061002784634, 1003.2061002784636, 993.2061002784636, 997.2061002784636, 1000.2061002784636, 993.2061002784634, 1000.2061002784634, 997.2061002784634, 994.2061002784634, 1000.2061002784634, 997.2061002784636, 997.2061002784636, 1003.2061002784636, 994.2061002784636, 993.2061002784636, 994.2061002784636, 993.2061002784634, 1000.2061002784636, 997.2061002784636], ""surrogate_gain_bits_mean"": 997.0561002784638}}"
1,202,tica,10,3,1,8,2.9821987684070765,0.4817497429117929,1.3964362786444853,5.2000000000000455,"{""16"": {""margin_bits"": 5.2000000000000455, ""surrogate_gain_bits"": [719.7430460687441, 718.7430460687441, 716.7430460687441, 713.7430460687443, 722.7430460687441, 718.7430460687441, 716.7430460687441, 716.7430460687441, 718.7430460687441, 716.7430460687441, 718.7430460687441, 716.7430460687441, 716.7430460687441, 716.7430460687441, 716.7430460687441, 718.7430460687441, 718.7430460687441, 716.7430460687441, 716.7430460687441, 714.7430460687441], ""surrogate_gain_bits_mean"": 717.5430460687443}, ""4"": {""margin_bits"": 7.35000000000025, ""surrogate_gain_bits"": [716.7430460687439, 716.7430460687441, 716.7430460687441, 710.7430460687441, 713.7430460687441, 716.7430460687441, 713.7430460687441, 716.7430460687441, 716.7430460687441, 716.7430460687441, 713.7430460687439, 713.7430460687441, 716.7430460687441, 716.7430460687441, 713.7430460687441, 713.7430460687441, 716.7430460687441, 713.7430460687441, 716.7430460687441, 716.7430460687441], ""surrogate_gain_bits_mean"": 715.3930460687441}}"
1,202,tica,10,3,1,16,2.9821987684070765,0.7732173663930887,1.7090769637142638,3.450000000000273,"{""16"": {""margin_bits"": 3.450000000000273, ""surrogate_gain_bits"": [1011.4863047976777, 1003.4863047976777, 1008.4863047976777, 1005.4863047976777, 1007.4863047976777, 1011.4863047976777, 1007.4863047976777, 1005.4863047976777, 1007.4863047976777, 1008.4863047976777, 1014.4863047976777, 1007.4863047976777, 1008.4863047976777, 1008.4863047976777, 1008.4863047976777, 1005.4863047976777, 1008.4863047976777, 1007.4863047976777, 1005.4863047976777, 1009.4863047976777], ""surrogate_gain_bits_mean"": 1008.0363047976774}, ""4"": {""margin_bits"": 7.350000000000023, ""surrogate_gain_bits"": [1002.4863047976777, 1002.4863047976777, 1005.4863047976777, 999.4863047976777, 1005.4863047976777, 1008.4863047976777, 1002.4863047976779, 1008.4863047976777, 1005.4863047976777, 1002.4863047976777, 1008.4863047976777, 1002.4863047976779, 1005.4863047976777, 1005.4863047976777, 1002.4863047976777, 1002.4863047976777, 999.4863047976777, 1002.4863047976777, 1008.4863047976779, 1002.4863047976777], ""surrogate_gain_bits_mean"": 1004.1363047976777}}"
1,202,pca_lift_kmeans,3,3,,8,,0.4230559354803151,1.3407645740537426,5.549999999999841,"{""16"": {""margin_bits"": 5.549999999999841, ""surrogate_gain_bits"": [705.8328999170329, 705.8328999170329, 713.8328999170329, 705.8328999170329, 713.8328999170329, 712.8328999170332, 706.8328999170329, 703.8328999170329, 713.8328999170329, 709.8328999170329, 706.8328999170329, 713.8328999170329, 706.8328999170329, 706.8328999170329, 706.8328999170329, 706.8328999170327, 705.8328999170329, 706.8328999170329, 706.8328999170329, 705.8328999170327], ""surrogate_gain_bits_mean"": 708.2828999170331}, ""4"": {""margin_bits"": 9.999999999999773, ""surrogate_gain_bits"": [703.8328999170329, 700.8328999170329, 703.8328999170329, 700.8328999170329, 709.8328999170332, 706.8328999170329, 700.8328999170332, 709.8328999170329, 700.8328999170329, 703.8328999170329, 709.8328999170329, 700.8328999170329, 706.8328999170329, 703.8328999170329, 700.8328999170329, 700.8328999170329, 700.8328999170329, 700.8328999170329, 706.8328999170329, 703.8328999170327], ""surrogate_gain_bits_mean"": 703.8328999170332}}"
1,202,pca_lift_kmeans,3,3,,16,,0.7272007688148286,1.6554239888001225,3.049999999999727,"{""16"": {""margin_bits"": 3.049999999999727, ""surrogate_gain_bits"": [1025.9530052443324, 1025.9530052443324, 1025.953005244332, 1025.9530052443324, 1025.953005244332, 1028.953005244332, 1025.953005244332, 1025.953005244332, 1025.953005244332, 1028.953005244332, 1028.953005244332, 1028.953005244332, 1028.9530052443324, 1025.9530052443324, 1027.953005244332, 1023.9530052443321, 1029.9530052443324, 1025.953005244332, 1025.953005244332, 1025.953005244332], ""surrogate_gain_bits_mean"": 1026.9030052443322}, ""4"": {""margin_bits"": 5.649999999999636, ""surrogate_gain_bits"": [1025.953005244332, 1022.9530052443318, 1022.9530052443321, 1019.9530052443318, 1028.953005244332, 1028.9530052443324, 1019.9530052443321, 1028.953005244332, 1022.9530052443321, 1022.9530052443321, 1031.953005244332, 1022.9530052443318, 1028.953005244332, 1022.9530052443321, 1019.9530052443318, 1019.9530052443325, 1022.9530052443323, 1019.9530052443321, 1028.953005244332, 1022.9530052443318], ""surrogate_gain_bits_mean"": 1024.3030052443323}}"
1,202,pca_lift_kmeans,10,10,,8,,0.4230559354803151,1.3407645740537426,5.549999999999841,"{""16"": {""margin_bits"": 5.549999999999841, ""surrogate_gain_bits"": [705.8328999170329, 705.8328999170329, 713.8328999170329, 705.8328999170329, 713.8328999170329, 712.8328999170332, 706.8328999170329, 703.8328999170329, 713.8328999170329, 709.8328999170329, 706.8328999170329, 713.8328999170329, 706.8328999170329, 706.8328999170329, 706.8328999170329, 706.8328999170327, 705.8328999170329, 706.8328999170329, 706.8328999170329, 705.8328999170327], ""surrogate_gain_bits_mean"": 708.2828999170331}, ""4"": {""margin_bits"": 9.999999999999773, ""surrogate_gain_bits"": [703.8328999170329, 700.8328999170329, 703.8328999170329, 700.8328999170329, 709.8328999170332, 706.8328999170329, 700.8328999170332, 709.8328999170329, 700.8328999170329, 703.8328999170329, 709.8328999170329, 700.8328999170329, 706.8328999170329, 703.8328999170329, 700.8328999170329, 700.8328999170329, 700.8328999170329, 700.8328999170329, 706.8328999170329, 703.8328999170327], ""surrogate_gain_bits_mean"": 703.8328999170332}}"
1,202,pca_lift_kmeans,10,10,,16,,0.7272007688148286,1.6554239888001225,3.049999999999727,"{""16"": {""margin_bits"": 3.049999999999727, ""surrogate_gain_bits"": [1025.9530052443324, 1025.9530052443324, 1025.953005244332, 1025.9530052443324, 1025.953005244332, 1028.953005244332, 1025.953005244332, 1025.953005244332, 1025.953005244332, 1028.953005244332, 1028.953005244332, 1028.953005244332, 1028.9530052443324, 1025.9530052443324, 1027.953005244332, 1023.9530052443321, 1029.9530052443324, 1025.953005244332, 1025.953005244332, 1025.953005244332], ""surrogate_gain_bits_mean"": 1026.9030052443322}, ""4"": {""margin_bits"": 5.649999999999636, ""surrogate_gain_bits"": [1025.953005244332, 1022.9530052443318, 1022.9530052443321, 1019.9530052443318, 1028.953005244332, 1028.9530052443324, 1019.9530052443321, 1028.953005244332, 1022.9530052443321, 1022.9530052443321, 1031.953005244332, 1022.9530052443318, 1028.953005244332, 1022.9530052443321, 1019.9530052443318, 1019.9530052443325, 1022.9530052443323, 1019.9530052443321, 1028.953005244332, 1022.9530052443318], ""surrogate_gain_bits_mean"": 1024.3030052443323}}"
1,202,direct_xyz_kmeans,,3,,8,,0.44810968881162894,1.3642515556513022,5.350000000000136,"{""16"": {""margin_bits"": 5.350000000000136, ""surrogate_gain_bits"": [707.547441946149, 699.547441946149, 707.5474419461488, 711.5474419461488, 711.5474419461488, 701.547441946149, 707.5474419461488, 707.5474419461488, 707.5474419461488, 704.547441946149, 701.5474419461488, 711.5474419461488, 707.547441946149, 711.5474419461488, 707.547441946149, 701.5474419461488, 701.547441946149, 707.547441946149, 707.5474419461488, 699.5474419461488], ""surrogate_gain_bits_mean"": 706.1974419461488}, ""4"": {""margin_bits"": 10.900000000000091, ""surrogate_gain_bits"": [698.5474419461488, 701.547441946149, 707.5474419461488, 698.547441946149, 701.547441946149, 701.547441946149, 698.547441946149, 704.5474419461488, 698.5474419461488, 698.547441946149, 701.547441946149, 698.5474419461488, 701.5474419461488, 707.5474419461488, 698.5474419461488, 698.547441946149, 698.547441946149, 698.547441946149, 701.5474419461488, 698.5474419461488], ""surrogate_gain_bits_mean"": 700.6474419461489}}"
1,202,direct_xyz_kmeans,,3,,16,,0.7272007688148286,1.6554239888001225,3.049999999999727,"{""16"": {""margin_bits"": 3.049999999999727, ""surrogate_gain_bits"": [1025.9530052443324, 1025.9530052443324, 1025.953005244332, 1025.9530052443324, 1025.953005244332, 1028.953005244332, 1025.953005244332, 1025.953005244332, 1025.953005244332, 1028.953005244332, 1028.953005244332, 1028.953005244332, 1028.9530052443324, 1025.9530052443324, 1027.953005244332, 1023.9530052443321, 1029.9530052443324, 1025.953005244332, 1025.953005244332, 1025.953005244332], ""surrogate_gain_bits_mean"": 1026.9030052443322}, ""4"": {""margin_bits"": 5.649999999999636, ""surrogate_gain_bits"": [1025.953005244332, 1022.9530052443318, 1022.9530052443321, 1019.9530052443318, 1028.953005244332, 1028.9530052443324, 1019.9530052443321, 1028.953005244332, 1022.9530052443321, 1022.9530052443321, 1031.953005244332, 1022.9530052443318, 1028.953005244332, 1022.9530052443321, 1019.9530052443318, 1019.9530052443325, 1022.9530052443323, 1019.9530052443321, 1028.953005244332, 1022.9530052443318], ""surrogate_gain_bits_mean"": 1024.3030052443323}}"
2,303,vamp,3,3,1,8,2.982695012602349,0.6145526229795216,1.5310831374685567,13.0,"{""16"": {""margin_bits"": 13.0, ""surrogate_gain_bits"": [582.8408873456833, 583.8408873456832, 587.8408873456832, 577.8408873456833, 583.8408873456833, 579.8408873456832, 579.8408873456834, 579.8408873456832, 582.8408873456833, 583.8408873456832, 583.8408873456832, 587.8408873456832, 585.8408873456832, 583.8408873456832, 579.8408873456832, 585.8408873456832, 579.8408873456833, 579.8408873456832, 587.8408873456832, 579.8408873456832], ""surrogate_gain_bits_mean"": 582.8408873456832}, ""4"": {""margin_bits"": 17.199999999999932, ""surrogate_gain_bits"": [579.8408873456832, 573.8408873456833, 573.8408873456832, 582.8408873456833, 579.8408873456833, 579.8408873456832, 579.8408873456834, 579.8408873456833, 576.8408873456832, 576.8408873456833, 579.8408873456834, 579.8408873456832, 576.8408873456832, 576.8408873456834, 582.8408873456832, 576.8408873456833, 579.8408873456832, 579.8408873456833, 576.8408873456832, 579.8408873456832], ""surrogate_gain_bits_mean"": 578.6408873456833}}"
2,303,vamp,3,3,1,16,2.982695012602349,1.0503393159275891,2.071016885041643,3.9000000000002046,"{""16"": {""margin_bits"": 3.9000000000002046, ""surrogate_gain_bits"": [773.3932437175268, 770.3932437175266, 770.3932437175268, 764.3932437175266, 773.3932437175266, 770.3932437175266, 773.3932437175268, 773.3932437175268, 766.3932437175268, 773.3932437175266, 770.3932437175266, 770.3932437175268, 767.3932437175268, 770.3932437175266, 770.3932437175268, 767.3932437175268, 773.3932437175268, 767.3932437175266, 770.3932437175266, 773.3932437175266], ""surrogate_gain_bits_mean"": 770.4932437175266}, ""4"": {""margin_bits"": 8.500000000000227, ""surrogate_gain_bits"": [764.3932437175266, 761.3932437175266, 761.3932437175266, 767.3932437175268, 764.3932437175266, 764.3932437175266, 764.3932437175268, 773.3932437175266, 761.3932437175268, 761.3932437175266, 764.3932437175266, 767.3932437175266, 770.3932437175266, 767.3932437175266, 764.3932437175266, 764.3932437175266, 773.3932437175268, 773.3932437175268, 764.3932437175268, 764.3932437175266], ""surrogate_gain_bits_mean"": 765.8932437175266}}"
2,303,tica,10,3,1,8,2.9826950126026848,0.6145356976779374,1.5310651753274873,13.0,"{""16"": {""margin_bits"": 13.0, ""surrogate_gain_bits"": [582.8408873456833, 583.8408873456832, 587.8408873456832, 577.8408873456833, 583.8408873456833, 579.8408873456832, 579.8408873456834, 579.8408873456832, 582.8408873456833, 583.8408873456832, 583.8408873456832, 587.8408873456832, 585.8408873456832, 583.8408873456832, 579.8408873456832, 585.8408873456832, 579.8408873456833, 579.8408873456832, 587.8408873456832, 579.8408873456832], ""surrogate_gain_bits_mean"": 582.8408873456832}, ""4"": {""margin_bits"": 17.199999999999932, ""surrogate_gain_bits"": [579.8408873456832, 573.8408873456833, 573.8408873456832, 582.8408873456833, 579.8408873456833, 579.8408873456832, 579.8408873456834, 579.8408873456833, 576.8408873456832, 576.8408873456833, 579.8408873456834, 579.8408873456832, 576.8408873456832, 576.8408873456834, 582.8408873456832, 576.8408873456833, 579.8408873456832, 579.8408873456833, 576.8408873456832, 579.8408873456832], ""surrogate_gain_bits_mean"": 578.6408873456833}}"
2,303,tica,10,3,1,16,2.9826950126026848,1.048852804247215,2.0688840675013203,4.599999999999795,"{""16"": {""margin_bits"": 4.599999999999795, ""surrogate_gain_bits"": [776.5635488728111, 773.5635488728109, 770.5635488728109, 765.5635488728109, 776.5635488728109, 773.5635488728109, 773.5635488728109, 776.5635488728109, 769.5635488728109, 776.5635488728109, 773.5635488728109, 770.5635488728109, 770.5635488728111, 773.5635488728109, 773.5635488728109, 770.5635488728109, 776.5635488728111, 767.5635488728109, 773.5635488728109, 776.5635488728109], ""surrogate_gain_bits_mean"": 772.9635488728111}, ""4"": {""margin_bits"": 9.699999999999932, ""surrogate_gain_bits"": [767.5635488728109, 764.5635488728109, 764.5635488728109, 770.5635488728109, 764.5635488728109, 764.5635488728109, 764.5635488728109, 776.5635488728109, 761.5635488728109, 764.5635488728109, 764.5635488728109, 767.5635488728109, 770.5635488728109, 770.5635488728109, 767.5635488728109, 767.5635488728109, 776.5635488728109, 776.5635488728109, 767.5635488728109, 764.5635488728109], ""surrogate_gain_bits_mean"": 767.863548872811}}"
2,303,pca_lift_kmeans,3,3,,8,,0.5428050935355712,1.4568022882652945,7.300000000000296,"{""16"": {""margin_bits"": 7.300000000000296, ""surrogate_gain_bits"": [566.5128211227519, 566.5128211227519, 566.5128211227519, 562.5128211227519, 566.5128211227519, 566.5128211227519, 566.5128211227519, 570.5128211227519, 566.5128211227519, 565.5128211227519, 570.5128211227519, 566.5128211227519, 571.5128211227518, 568.5128211227519, 568.5128211227519, 571.5128211227519, 565.5128211227519, 562.5128211227519, 566.5128211227519, 568.5128211227519], ""surrogate_gain_bits_mean"": 567.2128211227516}, ""4"": {""margin_bits"": 10.95000000000016, ""surrogate_gain_bits"": [562.5128211227519, 559.5128211227519, 559.5128211227519, 568.5128211227519, 562.5128211227519, 562.5128211227519, 562.5128211227519, 565.5128211227519, 562.5128211227519, 562.5128211227519, 562.5128211227519, 562.5128211227519, 559.5128211227519, 562.5128211227519, 571.5128211227519, 568.5128211227519, 565.5128211227519, 565.5128211227519, 562.5128211227519, 562.5128211227519], ""surrogate_gain_bits_mean"": 563.5628211227518}}"
2,303,pca_lift_kmeans,3,3,,16,,0.952287129050619,1.9349377174221014,9.0,"{""16"": {""margin_bits"": 9.0, ""surrogate_gain_bits"": [764.6913231456559, 768.6913231456562, 772.6913231456562, 766.6913231456559, 768.6913231456562, 766.6913231456562, 766.6913231456562, 766.6913231456562, 766.6913231456562, 768.6913231456562, 768.6913231456562, 768.6913231456562, 764.6913231456559, 764.6913231456562, 766.6913231456562, 768.6913231456562, 772.6913231456562, 768.6913231456559, 768.6913231456562, 764.6913231456559], ""surrogate_gain_bits_mean"": 767.6913231456562}, ""4"": {""margin_bits"": 11.5, ""surrogate_gain_bits"": [766.6913231456562, 766.6913231456562, 766.6913231456562, 760.6913231456562, 766.6913231456562, 766.6913231456559, 763.6913231456559, 763.6913231456559, 766.6913231456562, 766.6913231456559, 766.6913231456562, 766.6913231456562, 763.6913231456562, 766.6913231456562, 760.6913231456562, 763.6913231456562, 763.6913231456562, 763.6913231456562, 766.6913231456562, 766.6913231456559], ""surrogate_gain_bits_mean"": 765.1913231456562}}"
2,303,pca_lift_kmeans,10,10,,8,,0.5428050935355712,1.4568022882652945,7.300000000000296,"{""16"": {""margin_bits"": 7.300000000000296, ""surrogate_gain_bits"": [566.5128211227519, 566.5128211227519, 566.5128211227519, 562.5128211227519, 566.5128211227519, 566.5128211227519, 566.5128211227519, 570.5128211227519, 566.5128211227519, 565.5128211227519, 570.5128211227519, 566.5128211227519, 571.5128211227518, 568.5128211227519, 568.5128211227519, 571.5128211227519, 565.5128211227519, 562.5128211227519, 566.5128211227519, 568.5128211227519], ""surrogate_gain_bits_mean"": 567.2128211227516}, ""4"": {""margin_bits"": 10.95000000000016, ""surrogate_gain_bits"": [562.5128211227519, 559.5128211227519, 559.5128211227519, 568.5128211227519, 562.5128211227519, 562.5128211227519, 562.5128211227519, 565.5128211227519, 562.5128211227519, 562.5128211227519, 562.5128211227519, 562.5128211227519, 559.5128211227519, 562.5128211227519, 571.5128211227519, 568.5128211227519, 565.5128211227519, 565.5128211227519, 562.5128211227519, 562.5128211227519], ""surrogate_gain_bits_mean"": 563.5628211227518}}"
2,303,pca_lift_kmeans,10,10,,16,,0.952287129050619,1.9349377174221014,9.0,"{""16"": {""margin_bits"": 9.0, ""surrogate_gain_bits"": [764.6913231456559, 768.6913231456562, 772.6913231456562, 766.6913231456559, 768.6913231456562, 766.6913231456562, 766.6913231456562, 766.6913231456562, 766.6913231456562, 768.6913231456562, 768.6913231456562, 768.6913231456562, 764.6913231456559, 764.6913231456562, 766.6913231456562, 768.6913231456562, 772.6913231456562, 768.6913231456559, 768.6913231456562, 764.6913231456559], ""surrogate_gain_bits_mean"": 767.6913231456562}, ""4"": {""margin_bits"": 11.5, ""surrogate_gain_bits"": [766.6913231456562, 766.6913231456562, 766.6913231456562, 760.6913231456562, 766.6913231456562, 766.6913231456559, 763.6913231456559, 763.6913231456559, 766.6913231456562, 766.6913231456559, 766.6913231456562, 766.6913231456562, 763.6913231456562, 766.6913231456562, 760.6913231456562, 763.6913231456562, 763.6913231456562, 763.6913231456562, 766.6913231456562, 766.6913231456559], ""surrogate_gain_bits_mean"": 765.1913231456562}}"
2,303,direct_xyz_kmeans,,3,,8,,0.5428050935355712,1.4568022882652945,7.300000000000296,"{""16"": {""margin_bits"": 7.300000000000296, ""surrogate_gain_bits"": [566.5128211227519, 566.5128211227519, 566.5128211227519, 562.5128211227519, 566.5128211227519, 566.5128211227519, 566.5128211227519, 570.5128211227519, 566.5128211227519, 565.5128211227519, 570.5128211227519, 566.5128211227519, 571.5128211227518, 568.5128211227519, 568.5128211227519, 571.5128211227519, 565.5128211227519, 562.5128211227519, 566.5128211227519, 568.5128211227519], ""surrogate_gain_bits_mean"": 567.2128211227516}, ""4"": {""margin_bits"": 10.95000000000016, ""surrogate_gain_bits"": [562.5128211227519, 559.5128211227519, 559.5128211227519, 568.5128211227519, 562.5128211227519, 562.5128211227519, 562.5128211227519, 565.5128211227519, 562.5128211227519, 562.5128211227519, 562.5128211227519, 562.5128211227519, 559.5128211227519, 562.5128211227519, 571.5128211227519, 568.5128211227519, 565.5128211227519, 565.5128211227519, 562.5128211227519, 562.5128211227519], ""surrogate_gain_bits_mean"": 563.5628211227518}}"
2,303,direct_xyz_kmeans,,3,,16,,0.9527456739971926,1.9355528141018392,6.900000000000205,"{""16"": {""margin_bits"": 6.900000000000205, ""surrogate_gain_bits"": [765.5438512803106, 765.5438512803108, 769.5438512803108, 765.5438512803106, 765.5438512803108, 765.5438512803106, 767.5438512803108, 767.5438512803108, 763.5438512803108, 769.5438512803108, 769.5438512803108, 767.5438512803108, 765.5438512803106, 765.5438512803108, 767.5438512803108, 765.5438512803108, 769.5438512803108, 765.5438512803106, 765.5438512803106, 765.5438512803106], ""surrogate_gain_bits_mean"": 766.6438512803106}, ""4"": {""margin_bits"": 9.750000000000227, ""surrogate_gain_bits"": [767.5438512803108, 767.5438512803108, 767.5438512803108, 761.5438512803108, 761.5438512803108, 764.5438512803108, 761.5438512803106, 761.5438512803106, 761.5438512803108, 767.5438512803106, 761.5438512803108, 761.5438512803106, 764.5438512803108, 767.5438512803108, 761.5438512803108, 764.5438512803108, 761.5438512803108, 761.5438512803108, 767.5438512803108, 761.5438512803106], ""surrogate_gain_bits_mean"": 763.7938512803106}}"
