track_id	artist	title	duration_seconds_metadata	duration_seconds_measured	source_url	license	sha256	publisher_sha256	source_metadata_commit	download_date	local_file
track_0000382	Les Petits Chanteurs de Montigny	Soon and Very Soon (Negro Spiritual)	211.1	211.069	https://cdn.freesound.org/mtg-jamendo/raw_30s/audio-low/82/382.low.mp3	Available under a Creative Commons Attribution-Share-Alike license: http://creativecommons.org/licenses/by-sa/2.0/	1ef6f272d03f2cd7a2e457bcea623d800a22bee5e22adad6932145c8fd1f7c80	1ef6f272d03f2cd7a2e457bcea623d800a22bee5e22adad6932145c8fd1f7c80	cafd8e20c265ed84f1e61f1c875327971f43a62f	2026-07-26	track_0000382.mp3
track_0000387	Les Petits Chanteurs de Montigny	Cantique de Jean Racine (Gabriel Fauré)	257.1	257.071	https://cdn.freesound.org/mtg-jamendo/raw_30s/audio-low/87/387.low.mp3	Available under a Creative Commons Attribution-Share-Alike license: http://creativecommons.org/licenses/by-sa/2.0/	1e61e46278a3fff98345d45d62dffb4b88e0a93fceed4a3de7649477b6375230	1e61e46278a3fff98345d45d62dffb4b88e0a93fceed4a3de7649477b6375230	cafd8e20c265ed84f1e61f1c875327971f43a62f	2026-07-26	track_0000387.mp3
track_0000759	Vavrek	Sunlight	379.8	379.847	https://cdn.freesound.org/mtg-jamendo/raw_30s/audio-low/59/759.low.mp3	Available under a Creative Commons Attribution-Share-Alike license: http://creativecommons.org/licenses/by-sa/2.0/	1a59207b4bd691ce2b9994eefd4d2c8c98c9de929360057a9292ff8c74799c3d	1a59207b4bd691ce2b9994eefd4d2c8c98c9de929360057a9292ff8c74799c3d	cafd8e20c265ed84f1e61f1c875327971f43a62f	2026-07-26	track_0000759.mp3
track_0000760	Vavrek	World that you know	187.0	186.958	https://cdn.freesound.org/mtg-jamendo/raw_30s/audio-low/60/760.low.mp3	Available under a Creative Commons Attribution-Share-Alike license: http://creativecommons.org/licenses/by-sa/2.0/	3490aa4961b3746078d976fdabf0163023e587ad1ca22990ed2d5e27522fbd95	3490aa4961b3746078d976fdabf0163023e587ad1ca22990ed2d5e27522fbd95	cafd8e20c265ed84f1e61f1c875327971f43a62f	2026-07-26	track_0000760.mp3
track_0000761	Vavrek	Modern Life	203.3	203.285	https://cdn.freesound.org/mtg-jamendo/raw_30s/audio-low/61/761.low.mp3	Available under a Creative Commons Attribution-Share-Alike license: http://creativecommons.org/licenses/by-sa/2.0/	4198b7add7eff425ba275a0357712a1c7240a95896109cd56bba51774fcce783	4198b7add7eff425ba275a0357712a1c7240a95896109cd56bba51774fcce783	cafd8e20c265ed84f1e61f1c875327971f43a62f	2026-07-26	track_0000761.mp3
track_0000762	Vavrek	Healing Luna	407.0	406.962	https://cdn.freesound.org/mtg-jamendo/raw_30s/audio-low/62/762.low.mp3	Available under a Creative Commons Attribution-Share-Alike license: http://creativecommons.org/licenses/by-sa/2.0/	300575ac65f6406faaaa71d31ab352a3b9ccc5af06a8b4f7191a7b6d0f2f300b	300575ac65f6406faaaa71d31ab352a3b9ccc5af06a8b4f7191a7b6d0f2f300b	cafd8e20c265ed84f1e61f1c875327971f43a62f	2026-07-26	track_0000762.mp3
track_0000764	Vavrek	Peace on earth	220.2	220.238	https://cdn.freesound.org/mtg-jamendo/raw_30s/audio-low/64/764.low.mp3	Available under a Creative Commons Attribution-Share-Alike license: http://creativecommons.org/licenses/by-sa/2.0/	32f9d5ad054efb911a672f9da4b7dd0837139f4beaeb0c6c62d1e50e704461c6	32f9d5ad054efb911a672f9da4b7dd0837139f4beaeb0c6c62d1e50e704461c6	cafd8e20c265ed84f1e61f1c875327971f43a62f	2026-07-26	track_0000764.mp3
track_0000765	Vavrek	Bedtime	233.0	233.038	https://cdn.freesound.org/mtg-jamendo/raw_30s/audio-low/65/765.low.mp3	Available under a Creative Commons Attribution-Share-Alike license: http://creativecommons.org/licenses/by-sa/2.0/	8a29ee085aef68e1600c714267039a575e1668dac0e1ad51fe0076f4105ef1c3	8a29ee085aef68e1600c714267039a575e1668dac0e1ad51fe0076f4105ef1c3	cafd8e20c265ed84f1e61f1c875327971f43a62f	2026-07-26	track_0000765.mp3
track_0000766	Vavrek	Balance	216.5	216.477	https://cdn.freesound.org/mtg-jamendo/raw_30s/audio-low/66/766.low.mp3	Available under a Creative Commons Attribution-Share-Alike license: http://creativecommons.org/licenses/by-sa/2.0/	774438acede5a9b43b6a20e1184b4d647bfcb8b8fba0123d01f54e646eb73e42	774438acede5a9b43b6a20e1184b4d647bfcb8b8fba0123d01f54e646eb73e42	cafd8e20c265ed84f1e61f1c875327971f43a62f	2026-07-26	track_0000766.mp3
track_0000767	Vavrek	Once Again	235.2	235.233	https://cdn.freesound.org/mtg-jamendo/raw_30s/audio-low/67/767.low.mp3	Available under a Creative Commons Attribution-Share-Alike license: http://creativecommons.org/licenses/by-sa/2.0/	7b39df744f797c3451ba333765a0ea4ffa67543c0e4c8462f3399966e2c9c16d	7b39df744f797c3451ba333765a0ea4ffa67543c0e4c8462f3399966e2c9c16d	cafd8e20c265ed84f1e61f1c875327971f43a62f	2026-07-26	track_0000767.mp3
track_0000768	Vavrek	School	293.0	292.989	https://cdn.freesound.org/mtg-jamendo/raw_30s/audio-low/68/768.low.mp3	Available under a Creative Commons Attribution-Share-Alike license: http://creativecommons.org/licenses/by-sa/2.0/	2fdf5786916f1bdb7cd5f8150facb6f74a3d458583333d788f7f1eeb1da2f97d	2fdf5786916f1bdb7cd5f8150facb6f74a3d458583333d788f7f1eeb1da2f97d	cafd8e20c265ed84f1e61f1c875327971f43a62f	2026-07-26	track_0000768.mp3
track_0000770	Vavrek	People to the Power	216.1	216.111	https://cdn.freesound.org/mtg-jamendo/raw_30s/audio-low/70/770.low.mp3	Available under a Creative Commons Attribution-Share-Alike license: http://creativecommons.org/licenses/by-sa/2.0/	891f7a6b37b4a68729a2029a4fb924bcc4546b2c87f707f1b090109ef2d94e91	891f7a6b37b4a68729a2029a4fb924bcc4546b2c87f707f1b090109ef2d94e91	cafd8e20c265ed84f1e61f1c875327971f43a62f	2026-07-26	track_0000770.mp3
track_0000772	Vavrek	Journey's End	274.9	274.939	https://cdn.freesound.org/mtg-jamendo/raw_30s/audio-low/72/772.low.mp3	Available under a Creative Commons Attribution-Share-Alike license: http://creativecommons.org/licenses/by-sa/2.0/	56ea779c33546a561230b1aa5c0746992e28a6c6f05d552b6ccd4a5dbe305435	56ea779c33546a561230b1aa5c0746992e28a6c6f05d552b6ccd4a5dbe305435	cafd8e20c265ed84f1e61f1c875327971f43a62f	2026-07-26	track_0000772.mp3
track_0000773	Tryad	The Final Rewind	275.3	275.278	https://cdn.freesound.org/mtg-jamendo/raw_30s/audio-low/73/773.low.mp3	Available under a Creative Commons Attribution-Share-Alike license: http://creativecommons.org/licenses/by-sa/2.0/	19e1b5f1286c8b71660d9e5bb021296e993ffa5cb39d59254b387c523ab9302f	19e1b5f1286c8b71660d9e5bb021296e993ffa5cb39d59254b387c523ab9302f	cafd8e20c265ed84f1e61f1c875327971f43a62f	2026-07-26	track_0000773.mp3
track_0000774	Tryad	I see	239.9	239.882	https://cdn.freesound.org/mtg-jamendo/raw_30s/audio-low/74/774.low.mp3	Available under a Creative Commons Attribution-Share-Alike license: http://creativecommons.org/licenses/by-sa/2.0/	3cb407399150e58fe5003ebc93fda433ace56a66efc9ad2d982dcc3959ffbed6	3cb407399150e58fe5003ebc93fda433ace56a66efc9ad2d982dcc3959ffbed6	cafd8e20c265ed84f1e61f1c875327971f43a62f	2026-07-26	track_0000774.mp3
track_0000776	Tryad	Our Lives change	190.2	190.171	https://cdn.freesound.org/mtg-jamendo/raw_30s/audio-low/76/776.low.mp3	Available under a Creative Commons Attribution-Share-Alike license: http://creativecommons.org/licenses/by-sa/2.0/	15b95f715e485d947e2c46fb0976fa5e352f16ff6d5a54458abc7b0eb961bf16	15b95f715e485d947e2c46fb0976fa5e352f16ff6d5a54458abc7b0eb961bf16	cafd8e20c265ed84f1e61f1c875327971f43a62f	2026-07-26	track_0000776.mp3
track_0001092	Religionnaire	The Game	437.3	437.264	https://cdn.freesound.org/mtg-jamendo/raw_30s/audio-low/92/1092.low.mp3	Available under a Creative Commons Attribution license: http://creativecommons.org/licenses/by/2.0/	8932be3f7914c3713b30e35d1d9fa2970b8d9dae2c73c8c9202a3a2f1edd99e9	8932be3f7914c3713b30e35d1d9fa2970b8d9dae2c73c8c9202a3a2f1edd99e9	cafd8e20c265ed84f1e61f1c875327971f43a62f	2026-07-26	track_0001092.mp3
track_0001093	Religionnaire	Marion in the Morning	237.3	237.349	https://cdn.freesound.org/mtg-jamendo/raw_30s/audio-low/93/1093.low.mp3	Available under a Creative Commons Attribution license: http://creativecommons.org/licenses/by/2.0/	756dbec8131c6afe0774a74d2c8094baff10946b5b7283adf4036115c2f9a92f	756dbec8131c6afe0774a74d2c8094baff10946b5b7283adf4036115c2f9a92f	cafd8e20c265ed84f1e61f1c875327971f43a62f	2026-07-26	track_0001093.mp3
track_0001094	Religionnaire	Fuckin' Sound	271.6	271.595	https://cdn.freesound.org/mtg-jamendo/raw_30s/audio-low/94/1094.low.mp3	Available under a Creative Commons Attribution license: http://creativecommons.org/licenses/by/2.0/	839dc91bdf9edee2abf635880f838f9343f031d5a4164489bc9050d2ccd6a479	839dc91bdf9edee2abf635880f838f9343f031d5a4164489bc9050d2ccd6a479	cafd8e20c265ed84f1e61f1c875327971f43a62f	2026-07-26	track_0001094.mp3
track_0001095	Religionnaire	I Was Just a Looser	312.1	312.085	https://cdn.freesound.org/mtg-jamendo/raw_30s/audio-low/95/1095.low.mp3	Available under a Creative Commons Attribution license: http://creativecommons.org/licenses/by/2.0/	dfe2df2f808847b2b168b1befb636ec8cba445dd3b43408a7aa364e9729ea2eb	dfe2df2f808847b2b168b1befb636ec8cba445dd3b43408a7aa364e9729ea2eb	cafd8e20c265ed84f1e61f1c875327971f43a62f	2026-07-26	track_0001095.mp3
track_0001096	Religionnaire	Lullaby	749.3	749.270	https://cdn.freesound.org/mtg-jamendo/raw_30s/audio-low/96/1096.low.mp3	Available under a Creative Commons Attribution license: http://creativecommons.org/licenses/by/2.0/	6d4c55c24ab43114c36940d3f8f1709da9da157bc0feb5e67852ac65b744cde7	6d4c55c24ab43114c36940d3f8f1709da9da157bc0feb5e67852ac65b744cde7	cafd8e20c265ed84f1e61f1c875327971f43a62f	2026-07-26	track_0001096.mp3
track_0001097	Religionnaire	Jonathan	354.1	354.090	https://cdn.freesound.org/mtg-jamendo/raw_30s/audio-low/97/1097.low.mp3	Available under a Creative Commons Attribution license: http://creativecommons.org/licenses/by/2.0/	c7a5ac5797bff23f57b646b3b9ee2f0a749c5dce4612e985c7b5d4a3fe1a5f97	c7a5ac5797bff23f57b646b3b9ee2f0a749c5dce4612e985c7b5d4a3fe1a5f97	cafd8e20c265ed84f1e61f1c875327971f43a62f	2026-07-26	track_0001097.mp3
track_0001098	Religionnaire	Escape From Madness	494.3	494.341	https://cdn.freesound.org/mtg-jamendo/raw_30s/audio-low/98/1098.low.mp3	Available under a Creative Commons Attribution license: http://creativecommons.org/licenses/by/2.0/	2a135089da88a590eaded1321d8769dfaf4a335f27242521ccd39ebadf58800b	2a135089da88a590eaded1321d8769dfaf4a335f27242521ccd39ebadf58800b	cafd8e20c265ed84f1e61f1c875327971f43a62f	2026-07-26	track_0001098.mp3
track_0001099	Religionnaire	Leave Me, Let Me Die	522.6	522.553	https://cdn.freesound.org/mtg-jamendo/raw_30s/audio-low/99/1099.low.mp3	Available under a Creative Commons Attribution license: http://creativecommons.org/licenses/by/2.0/	6ea77931440f9c9e3beba59cad4bb8c446640d241ecfe76822627b5a082f7576	6ea77931440f9c9e3beba59cad4bb8c446640d241ecfe76822627b5a082f7576	cafd8e20c265ed84f1e61f1c875327971f43a62f	2026-07-26	track_0001099.mp3
